record_id,status,published_at,sequence,title,original_url,tags,source_dir,tex_files,pdf_files,bib_files,bst_files,duplicate_status,duplicate_group,canonical_record_id,duplicate_basis,metadata_match,metadata_score,metadata_candidate_count,metadata_title,metadata_published_at,metadata_sequence,metadata_original_url,metadata_tags,metadata_pdf_files,metadata_evidence,target_slug,math_section,build_engine,author_review,notes
source:f9d40e7a405c6906,published,2015-08-28T17:12:02+09:00,1,素数の無限性,https://concious4410.hatenablog.com/entry/2015/08/28/171202,数学|代数|僕のお気に入り|可算性,2015/1__10/ar1/素数の無限性,Primes_are_infjan.tex,Primes_are_infjan.pdf,,,canonical,dup:5a4c05b229adb7bb,source:f9d40e7a405c6906,tex,exact,100.0,1,素数が無限に存在する事の証明,2015-08-28T17:12:02+09:00,1,https://concious4410.hatenablog.com/entry/2015/08/28/171202,数学|代数|僕のお気に入り|可算性,素数の無限性DonaDona2.pdf,confirmed original_url,2015-08-28-01,代数・組合せ,platex,legacy_unrecorded,
source:6267dc241b0df711,published,2015-09-01T20:24:17+09:00,1,位相空間の事、正規性から正則性が導かれない事。,https://concious4410.hatenablog.com/entry/2015/09/01/202417,数学|位相空間|反例|正規空間,2015/1__10/ar2/body,normal_and_regular.tex,normal_and_regular.pdf,,,unique,,,,exact,100.0,1,位相空間の事、正規性から正則性が導かれない事。,2015-09-01T20:24:17+09:00,1,https://concious4410.hatenablog.com/entry/2015/09/01/202417,数学|位相空間|反例|正規空間,正規性と正則性の反例DonaDona2.pdf,confirmed original_url,2015-09-01-01,位相・距離・幾何,platex,legacy_unrecorded,
source:f300e24ff6419cb6,source_found,,,複素解析と代数学の基本定理,,,2015/11__20/ar11/複素解析と代数学の基本定理,clxanl_algfund.tex,clxanl_algfund.pdf,,,unique,,,,ambiguous,64.7,2,代数学の基本定理２,2015-09-15T00:22:05+09:00,2,https://concious4410.hatenablog.com/entry/2015/09/15/002205,数学|解析|代数|複素解析,複素解析と代数学の基本定理DonaDona15-10-18.pdf,multiple similarly scored candidates; title similarity 0.73; year,,,,pending,
source:bdb54baf178a6453,source_found,,,体の乗法群,,,2015/11__20/ar12/体の乗法群,FieldGrp.tex,FieldGrp.pdf,,,unique,,,,ambiguous,64.7,3,体の乗法群の有限部分群(10/03に修正),2015-10-02T19:56:23+09:00,1,https://concious4410.hatenablog.com/entry/2015/10/02/195623,数学|代数,体の乗法群の有限部分群gamma板.pdf|体の乗法群の有限部分群gamma板修正板.pdf,multiple similarly scored candidates; title similarity 0.73; year,,,,pending,
source:61beac9596f124a2,source_found,,,可分距離空間の閉集合全体の濃度,,,2015/11__20/ar13/可分距離空間の閉集合全体の濃度,可分距離空間の閉集合全体の濃度.tex,,,,unique,,,,likely,86.0,1,可分距離空間の閉集合全体の濃度,2015-10-03T17:30:11+09:00,1,https://concious4410.hatenablog.com/entry/2015/10/03/173011,数学|位相空間|距離空間|可算性,可分距離空間の閉集合全体の濃度gamma板++.pdf,title similarity 1.00; year,,,,pending,
source:7af09fd43b301ec9,source_found,,,コンパクト性と射影の閉性,,,2015/11__20/ar15/コンパクト性と射影の閉性,the proofs of Kuratowski-Mrowka theorem.tex,the proofs of Kuratowski-Mrowka theorem.pdf,,,unique,,,,exact,96.0,1,コンパクト性と閉射影:Kuratowski－Mrówka's Thoerem,2016-06-23T15:13:41+09:00,1,https://concious4410.hatenablog.com/entry/2016/06/23/151341,数学|コンパクトネス|位相空間|僕のお気に入り|未完成シリーズ|雑談|固有写像,the proofs of Kuratowski-Mrowka theorem.pdf,PDF filename exact,,,,pending,
source:aba056f3c55a4695,source_found,,,積分核による近似定理の証明,,,2015/11__20/ar16/積分核による近似定理の証明,app_thm_ker.tex,app_thm_ker.pdf,,,unique,,,,ambiguous,60.0,2,積分核を用いた多項式近似定理の証明,2015-10-13T20:09:22+09:00,1,https://concious4410.hatenablog.com/entry/2015/10/13/200922,数学|解析|線形空間|実数に関連する集合論や位相,多項式近似定理２gamma版.pdf,multiple similarly scored candidates; title similarity 0.67; year,,,,pending,
source:98eae46d92f1c1f6,source_found,,,コンパクトハウスドルフ区間の正規性,,,2015/11__20/ar17/コンパクトハウスドルフ区間の正規性,コンパクトハウスドルフ空間と正規性.tex,,,,unique,,,,ambiguous,64.7,2,コンパクトハウスドルフ空間と正規性と単位の分割など,2015-10-18T16:42:23+09:00,1,https://concious4410.hatenablog.com/entry/2015/10/18/164223,位相空間|数学|コンパクトネス|局所コンパクト|正規空間,コンパクトハウスドルフ空間と正規性DD16-06-09.pdf,multiple similarly scored candidates; title similarity 0.73; year,,,,pending,
source:6f1b337cf84bc3a8,source_found,,,位相とフィルター,,,2015/11__20/ar19/位相とフィルター,位相空間とフィルター2.tex,位相空間とフィルター2.pdf,,,unique,,,,likely,86.0,1,フィルターとコンパクト性,2015-10-21T19:06:41+09:00,1,https://concious4410.hatenablog.com/entry/2015/10/21/190641,位相空間|数学|コンパクトネス,位相空間とフィルターDD16-06-12.pdf,title similarity 1.00; PDF similarity 0.80; year,,,,pending,
source:750dbd0467182e72,source_found,,,有限次元空間ののるむ,,,2015/11__20/ar20/有限次元空間ののるむ,norm.tex,norm.pdf,,,unique,,,,exact,98.0,1,有限次元ベクトル空間のノルムは全部同値,2015-10-22T17:00:22+09:00,1,https://concious4410.hatenablog.com/entry/2015/10/22/170022,位相空間|数学|線形空間|実数に関連する集合論や位相,norm.pdf,PDF filename exact,,,,pending,
source:c15a09591d2a7762,source_found,,,body,,,2015/1__10/ar1/body,Primes_are_infjan.tex,Primes_are_infjan.pdf,,,duplicate,dup:5a4c05b229adb7bb,source:f9d40e7a405c6906,tex,exact,100.0,1,素数が無限に存在する事の証明,2015-08-28T17:12:02+09:00,1,https://concious4410.hatenablog.com/entry/2015/08/28/171202,数学|代数|僕のお気に入り|可算性,素数の無限性DonaDona2.pdf,inherited from canonical source:f9d40e7a405c6906,,,,pending,
source:1ac559aec9bb3a00,source_found,,,コーシーの積分,,,2015/1__10/ar10/コーシーの積分,Cauchy-Dixon.tex,Cauchy-Dixon.pdf,,,unique,,,,exact,98.0,1,コーシーの積分定理,2015-09-15T00:10:05+09:00,1,https://concious4410.hatenablog.com/entry/2015/09/15/001005,数学|解析|僕のお気に入り|複素解析,Cauchy-Dixon.pdf,PDF filename exact,,,,pending,
source:1339b0a7e8fbc030,source_found,,,正規性と正則性,,,2015/1__10/ar2/正規性と正則性,normal_and_regular.tex,normal_and_regular.pdf,,,unique,,,,unmatched,52.2,0,,,,,,,no candidate passed the matching threshold,,,,pending,
source:9b23619f1e3171ee,source_found,,,body,,,2015/1__10/ar3/body,Weierstrass_app_thm.tex,Weierstrass_app_thm.pdf,,,unique,,,,unmatched,48.8,0,,,,,,,no candidate passed the matching threshold,,,,pending,
source:71e7906bbfc56a14,source_found,,,ワイエルシュタトラスの近似定理,,,2015/1__10/ar3/ワイエルシュタトラスの近似定理,Weierstrass_app_thm.tex,Weierstrass_app_thm.pdf,,,unique,,,,likely,68.4,1,ワイエルストラスの多項式近似定理,2015-09-10T20:33:27+09:00,1,https://concious4410.hatenablog.com/entry/2015/09/10/203327,数学|解析|確率論|線形空間,ワイエルストラスの多項式近似定理DonaDona2.pdf,title similarity 0.77; year,,,,pending,
source:7dbcaa13e2335723,source_found,,,body,,,2015/1__10/ar4/body,LemUrysohn.tex,LemUrysohn.pdf,,,unique,,,,likely,71.8,1,ウリゾーンの補題の証明。,2015-09-11T16:20:49+09:00,1,https://concious4410.hatenablog.com/entry/2015/09/11/162049,位相空間|数学|僕のお気に入り|ウリゾーン,ウリゾーンの定理の証明DonaDona15-10-18.pdf,title similarity 0.82; year,,,,pending,
source:408466b7a0c6b943,source_found,,,ウリゾーンの補題の証明,,,2015/1__10/ar4/ウリゾーンの補題の証明,ウリゾーンの定理の証明DonaDona.tex,ウリゾーンの定理の証明DonaDona.pdf,,,unique,,,,likely,86.0,1,ウリゾーンの補題の証明。,2015-09-11T16:20:49+09:00,1,https://concious4410.hatenablog.com/entry/2015/09/11/162049,位相空間|数学|僕のお気に入り|ウリゾーン,ウリゾーンの定理の証明DonaDona15-10-18.pdf,title similarity 1.00; PDF similarity 0.88; year,,,,pending,
source:81658cb11c1f2eb0,source_found,,,body,,,2015/1__10/ar5/body,stone.tex,stone.pdf,,,canonical,dup:3d46bea352bbbff2,source:81658cb11c1f2eb0,tex+pdf,ambiguous,58.5,2,非可算個の可算離散空間の直積について,2015-09-12T17:34:15+09:00,1,https://concious4410.hatenablog.com/entry/2015/09/12/173415,位相空間|数学|僕のお気に入り|反例|正規空間|可算性|完全正則空間,Stoneの定理D16-06-12.pdf,multiple similarly scored candidates; PDF similarity 0.62; year,,,,pending,
source:84031ca6a51bfb98,source_found,,,直積に関するストーンの定理,,,2015/1__10/ar5/直積に関するストーンの定理,stone.tex,stone.pdf,,,duplicate,dup:3d46bea352bbbff2,source:81658cb11c1f2eb0,tex+pdf,ambiguous,58.5,2,非可算個の可算離散空間の直積について,2015-09-12T17:34:15+09:00,1,https://concious4410.hatenablog.com/entry/2015/09/12/173415,位相空間|数学|僕のお気に入り|反例|正規空間|可算性|完全正則空間,Stoneの定理D16-06-12.pdf,inherited from canonical source:81658cb11c1f2eb0,,,,pending,
source:89cc08da3df1ce36,source_found,,,body,,,2015/1__10/ar6/body,initialtop.tex,initialtop.pdf,,,canonical,dup:27b93a09c2373f29,source:89cc08da3df1ce36,tex+pdf,unmatched,54.8,0,,,,,,,no candidate passed the matching threshold,,,,pending,
source:4bb22c36a4cf5ae1,source_found,,,始位相,,,2015/1__10/ar6/始位相,initialtop.tex,initialtop.pdf,,,duplicate,dup:27b93a09c2373f29,source:89cc08da3df1ce36,tex+pdf,unmatched,54.8,0,,,,,,,inherited from canonical source:89cc08da3df1ce36,,,,pending,
source:04434cbe8d4056bc,source_found,,,body,,,2015/1__10/ar7/body,AlgFund000.tex,AlgFund000.pdf,,,canonical,dup:66fd5e9b04b78f0e,source:04434cbe8d4056bc,tex+pdf,likely,86.0,1,代数学の基本定理,2015-09-12T19:59:11+09:00,3,https://concious4410.hatenablog.com/entry/2015/09/12/195911,数学|代数|解析,代数学の基本定理000DonaDona15-10-18.pdf,title similarity 1.00; year,,,,pending,
source:8a4b43692d3f7bc6,source_found,,,代数学の基本定理００,,,2015/1__10/ar7/代数学の基本定理００,AlgFund000.tex,AlgFund000.pdf,,,duplicate,dup:66fd5e9b04b78f0e,source:04434cbe8d4056bc,tex+pdf,likely,86.0,1,代数学の基本定理,2015-09-12T19:59:11+09:00,3,https://concious4410.hatenablog.com/entry/2015/09/12/195911,数学|代数|解析,代数学の基本定理000DonaDona15-10-18.pdf,inherited from canonical source:04434cbe8d4056bc,,,,pending,
source:b47c48d23282fc38,source_found,,,ウリゾーンの距離化可能定理,,,2015/1__10/ar8/ウリゾーンの距離化可能定理,metthm_Ury.tex,metthm_Ury.pdf,,,unique,,,,likely,86.0,1,ウリゾーンの距離化可能定理,2015-09-13T19:05:22+09:00,1,https://concious4410.hatenablog.com/entry/2015/09/13/190522,位相空間|数学|距離空間|ウリゾーン,ウリゾーンの距離化可能定理DonaDona15-11-04.pdf,title similarity 1.00; year,,,,pending,
source:3555e035f78493bb,source_found,,,拡張された実数（−１）,,,2015/21__30/ar21/拡張された実数（−１）,extendedrealnumber.tex,extendedrealnumber.pdf,,,unique,,,,unmatched,45.6,0,,,,,,,no candidate passed the matching threshold,,,,pending,
source:5aab6e0bd2109723,source_found,,,可測空間（０）,,,2015/21__30/ar22/可測空間（０）,MrcleSP.tex,MrcleSP.pdf,,,unique,,,,ambiguous,57.9,2,閉写像云々とか固有写像とか,2015-11-06T20:51:15+09:00,2,https://concious4410.hatenablog.com/entry/2015/11/06/205115,位相空間|数学|僕のお気に入り|固有写像,closedmaps.pdf,multiple similarly scored candidates; PDF similarity 0.61; year,,,,pending,
source:a055b249c4d807ab,source_found,,,測度空間と積分（１）,,,2015/21__30/ar23/測度空間と積分（１）,Mresp_and_mre.tex,Mresp_and_mre.pdf,,,unique,,,,unmatched,54.7,0,,,,,,,no candidate passed the matching threshold,,,,pending,
source:574bf82df0e97460,source_found,,,バナッハの不動点定理,,,2015/21__30/ar24/バナッハの不動点定理,banach_fixpt.tex,banach_fixpt.pdf,,,unique,,,,likely,86.0,1,バナッハの不動点定理,2015-10-27T16:26:51+09:00,1,https://concious4410.hatenablog.com/entry/2015/10/27/162651,位相空間|数学|解析|距離空間|不動点定理,不動点定理donadona15-10-27.pdf|不動点定理DonaDona15-10-27.pdf,title similarity 1.00; year,,,,pending,
source:53063402327b9832,source_found,,,RMK,,,2015/21__30/ar25/RMK,RMK_Rep.tex,RMK_Rep.pdf,,,unique,,,,ambiguous,59.2,2,有限次元ベクトル空間のノルムは全部同値,2015-10-22T17:00:22+09:00,1,https://concious4410.hatenablog.com/entry/2015/10/22/170022,位相空間|数学|線形空間|実数に関連する集合論や位相,norm.pdf,multiple similarly scored candidates; PDF similarity 0.62; year,,,,pending,
source:a87ad9c8cb5cd71b,source_found,,,コンパクト集合の交わり,,,2015/21__30/ar27/コンパクト集合の交わり,Intsct_of_cpt_sp.tex,Intsct_of_cpt_sp.pdf,,,unique,,,,likely,86.0,1,コンパクト集合の共通部分,2015-11-06T20:36:33+09:00,1,https://concious4410.hatenablog.com/entry/2015/11/06/203633,位相空間|数学|反例|コンパクトネス,コンパクト集合の共通部分DD15-11-06.pdf,title similarity 1.00; year,,,,pending,
source:8ea97f72b08ee10a,source_found,,,固有写像と完全写像の反例,,,2015/21__30/ar28/閉写像完全写像とか/固有写像と完全写像の反例,cntrexam_of_closed_and_proper.tex,cntrexam_of_closed_and_proper.pdf,,,duplicate,dup:8a88ba546876cdff,source:2123209a42f9fd9e,tex+pdf,exact,98.0,1,固有写像と完全写像に関係する反例,2016-01-25T20:15:07+09:00,1,https://concious4410.hatenablog.com/entry/2016/01/25/201507,反例|数学|位相空間|固有写像,cntrexam_of_closed_and_proper.pdf,inherited from canonical source:2123209a42f9fd9e,,,,pending,
source:deb7ebe975ebc3e1,source_found,,,閉写像云々,,,2015/21__30/ar28/閉写像完全写像とか/閉写像云々,closedmaps.tex,closedmaps.pdf,,,unique,,,,exact,98.0,1,閉写像云々とか固有写像とか,2015-11-06T20:51:15+09:00,2,https://concious4410.hatenablog.com/entry/2015/11/06/205115,位相空間|数学|僕のお気に入り|固有写像,closedmaps.pdf,PDF filename exact,,,,pending,
source:c44f900da3afa2c0,source_found,,,有限位相空間の連結性,,,2015/21__30/ar29/有限位相空間の連結性,finitesp_conncted.tex,finitesp_conncted.pdf,,,unique,,,,likely,83.9,1,有限濃度の位相空間は連結なら弧状連結,2015-11-14T17:31:38+09:00,1,https://concious4410.hatenablog.com/entry/2015/11/14/173138,数学|位相空間|連結空間,有限濃度の位相空間と連結性と弧状連結性Dona15-11-14.pdf,title similarity 0.97; year,,,,pending,
source:ba95195e5e19999e,source_found,,,被覆補題3,,,2015/21__30/ar30/ルベーグの被覆補題/被覆補題3,coveringlemma3.tex,coveringlemma3.pdf,,,unique,,,,exact,98.0,1,距離空間と位相群のルベーグの被覆補題,2015-11-25T20:38:24+09:00,1,https://concious4410.hatenablog.com/entry/2015/11/25/203824,コンパクトネス|位相空間|数学|距離空間,ルベーグの被覆補題beta15-11-25.pdf|ルベーグの被覆補題2donadona15-12-04.pdf|coveringlemma3.pdf,PDF filename exact,,,,pending,
source:f3a77169b661ec39,source_found,,,被覆補題１,,,2015/21__30/ar30/ルベーグの被覆補題/被覆補題１,ルベーグの被覆補題.tex,ルベーグの被覆補題.pdf,,,unique,,,,ambiguous,65.9,2,距離空間と位相群のルベーグの被覆補題,2015-11-25T20:38:24+09:00,1,https://concious4410.hatenablog.com/entry/2015/11/25/203824,コンパクトネス|位相空間|数学|距離空間,ルベーグの被覆補題beta15-11-25.pdf|ルベーグの被覆補題2donadona15-12-04.pdf|coveringlemma3.pdf,multiple similarly scored candidates; title similarity 0.57; PDF similarity 0.71; year,,,,pending,
source:f960997ecb68425b,source_found,,,被覆補題２,,,2015/21__30/ar30/ルベーグの被覆補題/被覆補題２,ルベーグの被覆補題2.tex,,,,unique,,,,ambiguous,58.1,2,距離空間と位相群のルベーグの被覆補題,2015-11-25T20:38:24+09:00,1,https://concious4410.hatenablog.com/entry/2015/11/25/203824,コンパクトネス|位相空間|数学|距離空間,ルベーグの被覆補題beta15-11-25.pdf|ルベーグの被覆補題2donadona15-12-04.pdf|coveringlemma3.pdf,multiple similarly scored candidates; title similarity 0.64; year,,,,pending,
source:e78ac508b66195ad,source_found,,,Stoncech,,,2015/31__40/ar32/Stoncech,Stonecech.tex,,,,unique,,,,likely,86.0,1,ストーンチェックコンパクト化の構成,2015-12-08T16:05:08+09:00,1,https://concious4410.hatenablog.com/entry/2015/12/08/160508,コンパクトネス|位相空間|数学|未完成シリーズ|完全正則空間,ストーンチェックコンパクト化の構成beta.pdf,title similarity 1.00; year,,,,pending,
source:1e4a1b4241c4466a,source_found,,,パラコンパクト１,,,2015/31__40/ar33/パラコンパクト１,adventcalender2015.tex,adventcalender2015.pdf,,,unique,,,,likely,76.9,1,パラコンパクト性など：アドベントカレンダー2015,2015-12-11T20:57:21+09:00,1,https://concious4410.hatenablog.com/entry/2015/12/11/205721,位相空間|僕のお気に入り|数学|距離空間|パラコンパクトネス,adventcalender2015のやつ17-7-10.pdf,PDF similarity 0.84; year,,,,pending,
source:7ddeb18114a5aa5c,source_found,,,高位の正規性,,,2015/31__40/ar34/高位の正規性,highnormality.tex,highnormality.pdf,,,unique,,,,likely,74.0,1,遺伝的正規とか完全正規,2015-12-21T17:02:56+09:00,1,https://concious4410.hatenablog.com/entry/2015/12/21/170256,数学|位相空間|反例|正規空間,遺伝的正規とか完全正規とかgamma15-12-21.pdf,title similarity 0.85; year,,,,pending,
source:9cdbd50bd1128466,source_found,,,正規性の特徴づけ,,,2015/31__40/ar35/正規性の特徴づけ,normality.tex,normality.pdf,,,unique,,,,likely,86.0,1,正規性の特徴付け,2015-12-21T17:06:10+09:00,2,https://concious4410.hatenablog.com/entry/2015/12/21/170610,位相空間|数学|未完成シリーズ|正規空間|ウリゾーン,位相空間の正規性の特徴付けgamma15-12-21.pdf,title similarity 1.00; year,,,,pending,
source:f01a4c0a6b798929,source_found,,,ヤバイ補題,,,2015/31__40/ar36/ヤバイ補題,HorrableLem.tex,HorrableLem.pdf,,,unique,,,,ambiguous,65.8,2,The Horrible lemma,2015-12-21T17:11:44+09:00,3,https://concious4410.hatenablog.com/entry/2015/12/21/171144,代数|数学,ヤバイ補題donadona15-12-21.pdf,multiple similarly scored candidates; title similarity 0.74; year,,,,pending,
source:261b0bcc5e544673,source_found,,,順序数の位相的重み,,,2015/31__40/ar37/順序数の位相的重み,weghit_of_ordinal.tex,weghit_of_ordinal.pdf,,,unique,,,,likely,86.0,1,順序数の位相的重み,2015-12-21T17:13:58+09:00,4,https://concious4410.hatenablog.com/entry/2015/12/21/171358,位相空間|数学|順序数,順序数の位相的重みdonadona15-12-21.pdf,title similarity 1.00; year,,,,pending,
source:daa835436bc4af1a,source_found,,,パラコンパクト２,,,2015/31__40/ar38/パラコンパクト２,para2.tex,para2.pdf,,,unique,,,,likely,73.7,1,パラコンパクト性など２,2015-12-21T17:19:06+09:00,5,https://concious4410.hatenablog.com/entry/2015/12/21/171906,パラコンパクトネス|位相空間|数学,パラコンパクトと距離付けとかGamma16-01-20.pdf,title similarity 0.84; year,,,,pending,
source:86e67893424eb483,source_found,,,パラコンパクト３,,,2015/31__40/ar39/パラコンパクト３,para3.tex,para3.pdf,,,unique,,,,likely,73.7,1,パラコンパクト性など３,2015-12-21T17:22:40+09:00,6,https://concious4410.hatenablog.com/entry/2015/12/21/172240,パラコンパクトネス|位相空間|数学,パラコンパクトとかfull-normalityとかgamma15-12-21.pdf,title similarity 0.84; year,,,,pending,
source:17c6f50e5182405f,source_found,,,CW複体のパラコン,,,2015/31__40/ar40/CW複体のパラコン,Paracpt_of_CW.tex,Paracpt_of_CW.pdf,,,unique,,,,likely,68.0,1,未完成（接着、帰納極限、CW複体）,2015-12-23T21:11:21+09:00,1,https://concious4410.hatenablog.com/entry/2015/12/23/211121,パラコンパクトネス|位相空間|数学|未完成シリーズ|代数的トポロジー,ALPHA接着、帰納極限、CW複体ALPHA.pdf,title similarity 0.77; year,,,,pending,
source:677578ca0f90e755,published,2016-01-09T19:19:52+09:00,1,コンパクト性と全有界性と完備性,https://concious4410.hatenablog.com/entry/2016/01/09/191952,16.225|距離空間|コンパクトネス|位相空間|数学,2016/1__10/ar1/完備性と有界性によるコンパクト性の特徴づけ,compactandprecompact.tex,compactandprecompact.pdf,,,unique,,,,exact,100.0,1,コンパクト性と全有界性と完備性,2016-01-09T19:19:52+09:00,1,https://concious4410.hatenablog.com/entry/2016/01/09/191952,16.225|距離空間|コンパクトネス|位相空間|数学,コンパクト性と全有界性と完備性beta16-01-09.pdf,confirmed original_url,2016-01-09-01,位相・距離・幾何,platex,legacy_unrecorded,
source:3049fae273564c82,published,2016-07-06T22:34:59+09:00,2,Nobleの定理,https://concious4410.hatenablog.com/entry/2016/07/06/223459,コンパクトネス|パラコンパクトネス|位相空間|僕のお気に入り|数学|正規空間|断片ではないもの,2016/21__30/ar25/NobleTHM,Noble's theorem.tex,Noble's theorem.pdf,,,unique,,,,likely,75.3,1,Nobleの定理,2016-07-06T22:34:59+09:00,2,https://concious4410.hatenablog.com/entry/2016/07/06/223459,コンパクトネス|パラコンパクトネス|位相空間|僕のお気に入り|数学|正規空間|断片ではないもの,Noble's theoremD-16-07-06.pdf,title similarity 0.62; PDF similarity 0.82; year,2016-07-06-02,位相・距離・幾何,platex,approved,
source:1d984f3f8cbd2451,source_found,,,実数の閉部分群の分類,,,2016/11__20/ar11/実数の閉部分群の分類,closedsubgrp_of_relline.tex,closedsubgrp_of_relline.pdf,,,unique,,,,ambiguous,62.6,2,実数の閉部分群,2016-04-29T16:39:31+09:00,1,https://concious4410.hatenablog.com/entry/2016/04/29/163931,位相空間|数学|解析|代数|実数に関連する集合論や位相,実直線の閉部分群DD16-04-29.pdf,multiple similarly scored candidates; title similarity 0.70; year,,,,pending,
source:f8d088e2eb6d5c75,source_found,,,積分の変数変換公式の証明の概略（ω）,,,2016/11__20/ar12/積分の変数変換公式の証明の概略（ω）,omega-null.tex,omega-null.pdf,,,unique,,,,likely,71.5,1,入射角16.225°の測度論入門:ω_0,2016-05-04T18:14:49+09:00,1,https://concious4410.hatenablog.com/entry/2016/05/04/181449,16.225|数学|解析|僕のお気に入り|測度論,omega-null-A-16-05-04.pdf,PDF similarity 0.77; year,,,,pending,
source:5b3b9eb2238e6a4d,source_found,,,ルベーグ空間に単位元が存在しないこと,,,2016/11__20/ar13/ルベーグ空間に単位元が存在しないこと,Lebgsp_has_no_id.tex,Lebgsp_has_no_id.pdf,,,unique,,,,ambiguous,56.0,2,L^1の畳込みに関する単位元が存在しないこと,2016-05-05T15:17:01+09:00,1,https://concious4410.hatenablog.com/entry/2016/05/05/151701,解析|代数|数学|線形空間,単位元が存在しないこと16-12-11.pdf,multiple similarly scored candidates; title similarity 0.62; year,,,,pending,
source:7246fa5dfb27f786,source_found,,,位相多様体と次元論,,,2016/11__20/ar15/位相多様体と次元論,TopMFD.tex,TopMFD.pdf,,,unique,,,,ambiguous,58.6,2,論文メモ：ペアノ微分,2024-01-03T23:47:29+09:00,19,https://concious4410.hatenablog.com/entry/2024/01/03/234729,論文メモ|解析|数学,pd.pdf,multiple similarly scored candidates; PDF similarity 0.71,,,,pending,
source:07a4625da128c883,source_found,,,LCHがハウスドルフ空間の中で,,,2016/11__20/ar16/LCHがハウスドルフ空間の中で,LCHがハウスドルフ空間の中で.tex,,,,unique,,,,unmatched,49.9,0,,,,,,,no candidate passed the matching threshold,,,,pending,
source:73cc270264aa95c1,source_found,,,一様空間,,,2016/11__20/ar17/一様空間,一様空間プロトタイプ.tex,,,,unique,,,,unmatched,52.6,0,,,,,,,no candidate passed the matching threshold,,,,pending,
source:334357ebb5f59231,source_found,,,単位の分割,,,2016/11__20/ar18/単位の分割,pou.tex,pou.pdf,,,unique,,,,ambiguous,59.6,3,論文メモ：n-cardinality,2024-01-04T16:32:50+09:00,11,https://concious4410.hatenablog.com/entry/2024/01/04/163250,論文メモ|数学|位相空間|実数に関連する集合論や位相,pr.pdf,multiple similarly scored candidates; PDF similarity 0.73,,,,pending,
source:872f5e98e39f0fec,source_found,,,可算コンパクトとメタコンパクトああ,,,2016/11__20/ar19/可算コンパクトとメタコンパクトああ,cpct_and_metacpt.tex,cpct_and_metacpt.pdf,,,unique,,,,likely,76.8,1,可算コンパクトとメタコンパクト,2016-06-19T19:20:52+09:00,2,https://concious4410.hatenablog.com/entry/2016/06/19/192052,位相空間|コンパクトネス|パラコンパクトネス|数学|可算性,可算コンパクトとメタコンパクトG16-07-06.pdf,title similarity 0.88; year,,,,pending,
source:3a7aa2f21b5c93b0,source_found,,,等高線,,,2016/1__10/ar10/等高線,Contour_and_contifunc.tex,Contour_and_contifunc.pdf,,,unique,,,,exact,98.0,1,等高線と連続関数：ウリゾーンの補題とティーチェの拡張定理：正規空間その(-1)(修正あり),2016-01-31T20:50:17+09:00,1,https://concious4410.hatenablog.com/entry/2016/01/31/205017,正規空間|僕のお気に入り|位相空間|数学|ウリゾーン,等高線と連続関数DD16-06-09.pdf|Contour_and_contifunc.pdf,PDF filename exact,,,,pending,
source:5dfe1a3bd1b7e668,source_found,,,距離函数の修正,,,2016/1__10/ar2/距離函数の修正,modifi_metric.tex,modifi_metric.pdf,,,unique,,,,unmatched,53.9,0,,,,,,,no candidate passed the matching threshold,,,,pending,
source:de26e56cb0444b39,source_found,,,点列コンパクト性とコンパクト性の反例,,,2016/1__10/ar3/点列コンパクト性とコンパクト性の反例,seqcptandcpt.tex,seqcptandcpt.pdf,,,unique,,,,likely,71.2,1,点列コンパクト性とコンパクト性は無関係,2016-01-17T13:30:48+09:00,1,https://concious4410.hatenablog.com/entry/2016/01/17/133048,コンパクトネス|数学|位相空間|反例,例：点列コンパクトとコンパクトDD16-01-15.pdf,title similarity 0.81; year,,,,pending,
source:280f347a3d261e0f,source_found,,,picewise_metrizablity,,,2016/1__10/ar4/picewise_metrizablity,piecewise metrizablity.tex,piecewise metrizablity.pdf,,,unique,,,,likely,80.9,1,距離化可能定理part0：破片,2016-01-18T19:26:49+09:00,1,https://concious4410.hatenablog.com/entry/2016/01/18/192649,距離化可能定理|位相空間|数学,piecewise metrizablity16-12-23.pdf,title similarity 0.78; PDF similarity 0.89; year,,,,pending,
source:18b4587a92737155,source_found,,,アレキサンダウリゾーンターキー,,,2016/1__10/ar5/アレキサンダウリゾーンターキー,距離化可能定理：アレキサンドロフ・ウリゾーン・ターキー.tex,,,,unique,,,,likely,80.0,1,距離化可能定理part1:Alexandroff-Urysohn-Tukey,2016-01-22T13:18:27+09:00,1,https://concious4410.hatenablog.com/entry/2016/01/22/131827,位相空間|距離空間|距離化可能定理,距離化可能定理：AUT+beta版16-01-22.pdf,title similarity 0.92; year,,,,pending,
source:a104bfb86d964459,source_found,,,BNS,,,2016/1__10/ar6/BNS,Bing-Nagata-Smirnov.tex,Bing-Nagata-Smirnov.pdf,,,unique,,,,likely,71.1,1,距離化可能定理part-1:BNS,2016-01-22T13:29:06+09:00,2,https://concious4410.hatenablog.com/entry/2016/01/22/132906,位相空間|距離化可能定理|距離空間,Bing-Nagata-Smirnov+gamma版16-01-22.pdf,PDF similarity 0.77; year,,,,pending,
source:2123209a42f9fd9e,source_found,,,固有写像と完全写像の反例,,,2016/1__10/ar7/固有写像と完全写像の反例,cntrexam_of_closed_and_proper.tex,cntrexam_of_closed_and_proper.pdf,,,canonical,dup:8a88ba546876cdff,source:2123209a42f9fd9e,tex+pdf,exact,98.0,1,固有写像と完全写像に関係する反例,2016-01-25T20:15:07+09:00,1,https://concious4410.hatenablog.com/entry/2016/01/25/201507,反例|数学|位相空間|固有写像,cntrexam_of_closed_and_proper.pdf,PDF filename exact,,,,pending,
source:0589591ef28ac0cb,source_found,,,メタコンパクトとかの反例,,,2016/1__10/ar8/メタコンパクトとかの反例,ctexamofmetcpt.tex,ctexamofmetcpt.pdf,,,unique,,,,ambiguous,55.4,2,固有写像と完全写像に関係する反例,2016-01-25T20:15:07+09:00,1,https://concious4410.hatenablog.com/entry/2016/01/25/201507,反例|数学|位相空間|固有写像,cntrexam_of_closed_and_proper.pdf,multiple similarly scored candidates; PDF similarity 0.58; year,,,,pending,
source:967756f42a756f80,source_found,,,距離化可能定理：近傍,,,2016/1__10/ar9/距離化可能定理：近傍,距離化可能定理：近傍.tex,距離化可能定理：近傍.pdf,,,unique,,,,likely,69.0,1,距離化可能定理part2：近傍,2016-01-29T22:04:40+09:00,1,https://concious4410.hatenablog.com/entry/2016/01/29/220440,位相空間|距離化可能定理|距離空間|数学,距離化可能定理：近傍BETA16-01-29.pdf,title similarity 0.78; PDF similarity 0.71; year,,,,pending,
source:277a497e7ee9b5d3,source_found,,,無理数が稠密であること,,,2016/21__30/ar22/無理数が稠密であること,P_is_dense.tex,P_is_dense.pdf,,,unique,,,,unmatched,51.2,0,,,,,,,no candidate passed the matching threshold,,,,pending,
source:33c87f611a415abb,source_found,,,連続体空間に対するシエルピンスキーの定理,,,2016/21__30/ar27/連続体空間に対するシエルピンスキーの定理,Sierpinski_for_unit_interval.tex,Sierpinski_for_unit_interval.pdf,,,unique,,,,likely,71.6,1,単位閉区間が可算個の非空なる閉集合族の直和で描けないこと,2016-07-07T14:35:33+09:00,1,https://concious4410.hatenablog.com/entry/2016/07/07/143533,位相空間|距離空間|数学|僕のお気に入り|ベール空間|実数に関連する集合論や位相|可算性,単位閉区間が非空な可算個の閉集合の直和で書けないことD16-07-07.pdf,title similarity 0.81; year,,,,pending,
source:a4be41c694536d86,source_found,,,廃棄物,,,2016/21__30/ar30/廃棄物,ストーン・ワイエルストラスの定理.tex|パラコンパクト性：ルートX.tex|ハイポコンパクトって言いたいだけ.tex|マヌアルフォービギナーズ.tex|上半連続位相と下半連速位相.tex|森田の定理・可算パラコンパクト.tex|線型写像とセミノルム空間.tex|距離化可能性と閉像：Hanai-Morita-Stone.tex|関数空間.tex,ストーン・ワイエルストラスの定理.pdf|パラコンパクト性：ルートX.pdf|ハイポコンパクトって言いたいだけ.pdf|マヌアルフォービギナーズ.pdf|上半連続位相と下半連速位相.pdf|森田の定理・可算パラコンパクト.pdf|線型写像とセミノルム空間.pdf|距離化可能性と閉像：Hanai-Morita-Stone.pdf|関数空間.pdf,,,unique,,,,ambiguous,83.3,2,廃棄物投棄,2016-07-21T23:26:32+09:00,1,https://concious4410.hatenablog.com/entry/2016/07/21/232632,すべて,ストーン・ワイエルストラスの定理WXIII.pdf|パラコンパクト性：ルートX;WXIII.pdf|関数空間WXIII.pdf|距離化可能性と閉像：Hanai-Morita-StoneWXIII.pdf|上半連続位相と下半連速位相WXIII.pdf|線型写像とセミノルム空間WXIII.pdf|位相についての注意WXIII.pdf,multiple similarly scored candidates; title similarity 0.75; PDF similarity 0.92; year,,,,pending,
source:98d03dd488ca6a4a,source_found,,,区間縮小法と反例,,,2016/31__40/ar34/区間縮小法と反例,カントールの区間縮小法と直径と反例.tex,,,,unique,,,,likely,78.5,1,カントールの区間縮小法と反例,2016-11-30T17:35:28+09:00,1,https://concious4410.hatenablog.com/entry/2016/11/30/173528,位相空間|数学|反例|距離空間|カントール|可算性,カントールの区間縮小法と直径と反例2017-5-11.pdf,title similarity 0.90; year,,,,pending,
source:0b87de7252881eef,source_found,,,点可算被覆とメタコンパクト,,,2016/31__40/ar37/点可算被覆とメタコンパクト,aaa.tex,aaa.pdf,,,unique,,,,likely,86.0,1,点可算被覆と可算コンパクト性,2016-12-29T21:43:56+09:00,1,https://concious4410.hatenablog.com/entry/2016/12/29/214356,コンパクトネス|位相空間|僕のお気に入り|数学|可算性,点可算被覆と可算コンパクト性16-12-29.pdf,title similarity 1.00; year,,,,pending,
source:cbf9f52845c6be0d,source_found,,,LOTS,,,2016/31__40/ar38/LOTS,LOTS.tex,LOTS.pdf,,,unique,,,,ambiguous,68.3,2,ルベーグスティルチェス積分について,2023-06-20T23:25:45+09:00,3,https://concious4410.hatenablog.com/entry/2023/06/20/232545,数学|解析|確率論|測度論,LS.pdf,multiple similarly scored candidates; PDF similarity 0.83,,,,pending,
source:b9d199597f6c428a,source_found,,,オメガ１の位相的性質,,,2016/31__40/ar39/オメガ１の位相的性質,omegaone.tex,omegaone.pdf,,,unique,,,,likely,86.0,1,オメガ1の位相的性質。,2016-12-31T17:27:19+09:00,1,https://concious4410.hatenablog.com/entry/2016/12/31/172719,位相空間|反例|数学|コンパクトネス|集合論|順序数,オメガ1の位相的性質16-12-31.pdf,title similarity 1.00; year,,,,pending,
source:393b622ca4e7576c,published,2017-08-01T16:57:11+09:00,1,正則同型の同定,https://concious4410.hatenablog.com/entry/2017/08/01/165711,数学|解析|複素解析,2017/1__10/ar8/正則同型の同定,AUTC.tex,AUTC.pdf,,,unique,,,,exact,100.0,1,正則同型の同定,2017-08-01T16:57:11+09:00,1,https://concious4410.hatenablog.com/entry/2017/08/01/165711,数学|解析|複素解析,正則同型の同定17-08-01.pdf,confirmed original_url,2017-08-01-01,解析・測度・確率,platex,legacy_unrecorded,
source:740a5e147dacd73b,source_found,,,ブラウワーの不動点定理,,,2017/11__12/ar12/ブラウワーの不動点定理,fixedpoint.tex,fixedpoint.pdf,,,unique,,,,exact,98.0,1,不動点定理,2017-08-27T18:27:14+09:00,1,https://concious4410.hatenablog.com/entry/2017/08/27/182714,数学|僕のお気に入り|位相空間|代数的トポロジー|不動点定理,fixedpoint.pdf,PDF filename exact,,,,pending,
source:f4bad0f542004c78,source_found,,,Dugundji-Hausdorff,,,2017/1__10/ar1/Dugundji-Hausdorff,Dugundjiext_and_Hausdorffext.tex,Dugundjiext_and_Hausdorffext.pdf,,,unique,,,,unmatched,42.7,0,,,,,,,no candidate passed the matching threshold,,,,pending,
source:d7d741933cdbda4d,source_found,,,固有群作用とハウスドルフ,,,2017/1__10/ar10/固有群作用とハウスドルフ,quotientbygrupact.tex,quotientbygrupact.pdf,,,unique,,,,ambiguous,56.4,2,群作用による商空間のハウスドルフ性,2017-10-20T17:13:40+09:00,1,https://concious4410.hatenablog.com/entry/2017/10/20/171340,数学|位相空間|固有写像,群による商17-11-16.pdf,multiple similarly scored candidates; title similarity 0.62; year,,,,pending,
source:44f5f2bb7b204f10,source_found,,,LimSets,,,2017/1__10/ar2/LimSets,LimitSets.tex,LimitSets.pdf,,,unique,,,,unmatched,49.9,0,,,,,,,no candidate passed the matching threshold,,,,pending,
source:6362041c93352603,source_found,,,有理数の特徴づけ,,,2017/1__10/ar5/有理数の特徴づけ,CharOfQ.tex,CharOfQ.pdf,,,unique,,,,ambiguous,69.3,2,有理数の順序集合としての特徴づけ,2017-05-07T01:33:12+09:00,1,https://concious4410.hatenablog.com/entry/2017/05/07/013312,位相空間|数学|集合論|可算性,有理数の特徴づけ2017-5-11.pdf,multiple similarly scored candidates; title similarity 0.79; year,,,,pending,
source:cf124e061fece527,source_found,,,コンパクト空間の距離化可能性,,,2017/1__10/ar7/コンパクト空間の距離化可能性,Metrizablity-of-compactsp.tex,,,,unique,,,,likely,77.9,1,コンパクト空間の距離付け可能性,2017-06-25T20:59:55+09:00,1,https://concious4410.hatenablog.com/entry/2017/06/25/205955,距離空間|距離化可能定理|数学|ウリゾーン|コンパクトネス,コンパクト空間の距離付け可能性17-06-25.pdf,title similarity 0.90; year,,,,pending,
source:7f08d62eb58d36df,source_found,,,CardOfS,,,2017/1__10/ar9/CardOfS,CardOfS.tex,CardOfS.pdf,,,unique,,,,likely,73.0,1,ルベーグ測度正の集合,2017-08-04T19:46:31+09:00,1,https://concious4410.hatenablog.com/entry/2017/08/04/194631,解析|数学|測度論|実数に関連する集合論や位相,測度正の集合17-08-04.pdf,title similarity 0.83; year,,,,pending,
source:3244d739cbe543e3,published,2018-03-29T15:41:57+09:00,1,アスコリアルツェラの定理,https://concious4410.hatenablog.com/entry/2018/03/29/154157,数学|位相空間|距離空間|複素解析,2018/1__10/ar1/ascoliarzera,ascoliarzera.tex,ascoliarzera.pdf,,,unique,,,,exact,100.0,1,アスコリアルツェラの定理,2018-03-29T15:41:57+09:00,1,https://concious4410.hatenablog.com/entry/2018/03/29/154157,数学|位相空間|距離空間|複素解析,アスコリアルツェラ18-3-29.pdf,confirmed original_url,2018-03-29-01,位相・距離・幾何,platex,legacy_unrecorded,
source:4b58cca5eb118871,published,2018-10-12T20:43:26+09:00,1,ホイットニーの拡張定理（未完成）,https://concious4410.hatenablog.com/entry/2018/10/12/204326,位相空間|未完成シリーズ|次元論|サードの定理|断片ではないもの,2018/1__10/ar2/ホイットニーの拡張定理,whitney.tex,whitney.pdf,,,unique,,,,exact,98.0,1,ホイットニーの拡張定理（未完成）,2018-10-12T20:43:26+09:00,1,https://concious4410.hatenablog.com/entry/2018/10/12/204326,位相空間|未完成シリーズ|次元論|サードの定理|断片ではないもの,whitney.pdf,PDF filename exact,2018-10-12-01,解析・測度・確率,platex,approved,
source:24386ea615dc592d,published,2018-10-14T14:44:32+09:00,1,Urysohn universal spaces,https://concious4410.hatenablog.com/entry/2018/10/14/144432,距離空間|数学|位相空間|僕のお気に入り|ウリゾーン|断片ではないもの,2018/1__10/ar3/UUsp2024,Urysohnspace.tex,Urysohnspace.pdf,,,unique,,,,exact,100.0,1,ウリソーン普遍空間の構成,2018-10-14T14:44:32+09:00,1,https://concious4410.hatenablog.com/entry/2018/10/14/144432,距離空間|数学|位相空間|僕のお気に入り|ウリゾーン|断片ではないもの,Urysohnspace.pdf,confirmed original_url,2018-10-14-01,位相・距離・幾何,platex,legacy_unrecorded,
source:582e1ea5dbe06b49,source_found,,,Urysohnspace,,,2018/1__10/ar3/UUspaceaa/Urysohnspace,Urysohnspace.tex,Urysohnspace.pdf,,,unique,,,,exact,98.0,1,ウリソーン普遍空間の構成,2018-10-14T14:44:32+09:00,1,https://concious4410.hatenablog.com/entry/2018/10/14/144432,距離空間|数学|位相空間|僕のお気に入り|ウリゾーン|断片ではないもの,Urysohnspace.pdf,PDF filename exact,,,,pending,
source:98e95bb10d9bdb37,source_found,,,Urysohnspaceのコピー,,,2018/1__10/ar3/UUspaceaa/Urysohnspace/Urysohnspaceのコピー,Urysohnspace.tex,Urysohnspace.pdf,,,canonical,dup:50597b9c636fe98d,source:98e95bb10d9bdb37,tex+pdf,exact,98.0,1,ウリソーン普遍空間の構成,2018-10-14T14:44:32+09:00,1,https://concious4410.hatenablog.com/entry/2018/10/14/144432,距離空間|数学|位相空間|僕のお気に入り|ウリゾーン|断片ではないもの,Urysohnspace.pdf,PDF filename exact,,,,pending,
source:66cb205439b5b4f6,source_found,,,Urysohnspace,,,2018/1__10/ar3/UUspacebb/Urysohnspace,Urysohnspace.tex,Urysohnspace.pdf,,,unique,,,,exact,98.0,1,ウリソーン普遍空間の構成,2018-10-14T14:44:32+09:00,1,https://concious4410.hatenablog.com/entry/2018/10/14/144432,距離空間|数学|位相空間|僕のお気に入り|ウリゾーン|断片ではないもの,Urysohnspace.pdf,PDF filename exact,,,,pending,
source:db99844c7fdee9c7,source_found,,,Urysohnspaceのコピー,,,2018/1__10/ar3/UUspacebb/Urysohnspace/Urysohnspaceのコピー,Urysohnspace.tex,Urysohnspace.pdf,,,duplicate,dup:50597b9c636fe98d,source:98e95bb10d9bdb37,tex+pdf,exact,98.0,1,ウリソーン普遍空間の構成,2018-10-14T14:44:32+09:00,1,https://concious4410.hatenablog.com/entry/2018/10/14/144432,距離空間|数学|位相空間|僕のお気に入り|ウリゾーン|断片ではないもの,Urysohnspace.pdf,inherited from canonical source:98e95bb10d9bdb37,,,,pending,
source:5a21a0df7e323fdc,source_found,,,Urysohnspace,,,2018/1__10/ar3/Urysohnspace,Urysohnspace.tex,Urysohnspace.pdf,,,unique,,,,exact,98.0,1,ウリソーン普遍空間の構成,2018-10-14T14:44:32+09:00,1,https://concious4410.hatenablog.com/entry/2018/10/14/144432,距離空間|数学|位相空間|僕のお気に入り|ウリゾーン|断片ではないもの,Urysohnspace.pdf,PDF filename exact,,,,pending,
source:b24e3dee8464837e,source_found,,,Urysohnspaceのコピー,,,2018/1__10/ar3/Urysohnspace/Urysohnspaceのコピー,Urysohnspace.tex,Urysohnspace.pdf,,,duplicate,dup:85e3ae7f669069c4,source:c8da568202427d4f,tex+pdf,exact,98.0,1,ウリソーン普遍空間の構成,2018-10-14T14:44:32+09:00,1,https://concious4410.hatenablog.com/entry/2018/10/14/144432,距離空間|数学|位相空間|僕のお気に入り|ウリゾーン|断片ではないもの,Urysohnspace.pdf,inherited from canonical source:c8da568202427d4f,,,,pending,
source:c8da568202427d4f,source_found,,,Urysohnspaceのコピー,,,2018/1__10/ar3/Urysohnspaceのコピー,Urysohnspace.tex,Urysohnspace.pdf,,,canonical,dup:85e3ae7f669069c4,source:c8da568202427d4f,tex+pdf,exact,98.0,1,ウリソーン普遍空間の構成,2018-10-14T14:44:32+09:00,1,https://concious4410.hatenablog.com/entry/2018/10/14/144432,距離空間|数学|位相空間|僕のお気に入り|ウリゾーン|断片ではないもの,Urysohnspace.pdf,PDF filename exact,,,,pending,
source:0752ee59d4c08cd3,source_found,,,Sardの定理,,,2018/1__10/ar4/Sardの定理,BrownMorseSard.tex,BrownMorseSard.pdf,,,unique,,,,exact,98.0,1,サードの定理（未完成）,2018-10-14T14:54:03+09:00,2,https://concious4410.hatenablog.com/entry/2018/10/14/145403,解析|数学|サードの定理,BrownMorseSard.pdf,PDF filename exact,,,,pending,
source:9fb5d1b416684623,published,2019-11-29T18:27:55+09:00,1,可算パラコンパクト空間の特徴付けおよびDowker空間の存在性,https://concious4410.hatenablog.com/entry/2019/11/29/182755,パラコンパクトネス|コンパクトネス|位相空間|僕のお気に入り|数学|正規空間|集合論|反例|可算性|断片ではないもの,2019/1__10/ar1/可算パラコンパクト,ctblparacpt.tex,L^pspace.pdf|ctblparacpt.pdf,,,unique,,,,exact,100.0,1,可算パラコンパクト空間の特徴付けおよびDowker空間の存在性,2019-11-29T18:27:55+09:00,1,https://concious4410.hatenablog.com/entry/2019/11/29/182755,パラコンパクトネス|コンパクトネス|位相空間|僕のお気に入り|数学|正規空間|集合論|反例|可算性|断片ではないもの,ctblparacpt.pdf,confirmed original_url,2019-11-29-01,位相・距離・幾何,platex,legacy_unrecorded,
source:2e70a214889d107f,published,2020-01-30T15:53:52+09:00,1,van der Waerdenの定理とRamseyの定理,https://concious4410.hatenablog.com/entry/2020/01/30/155352,数学|代数,2020/1__10/ar1/vdW-Ramsey,vdW-Ram.tex,vdW-Ram.pdf,,,unique,,,,exact,100.0,1,van der Waerdenの定理とRamseyの定理,2020-01-30T15:53:52+09:00,1,https://concious4410.hatenablog.com/entry/2020/01/30/155352,数学|代数,vdW-Ram.pdf,confirmed original_url,2020-01-30-01,代数・組合せ,platex,legacy_unrecorded,
source:cadac73bcb2722da,source_found,,,rmkII,,,2020/1__10/ar2/rmkII,rmkthm.tex,rmkthm.pdf,,,unique,,,,exact,98.0,1,Riesz-Markov-Kakutaniの表現定理II,2020-02-02T21:33:41+09:00,1,https://concious4410.hatenablog.com/entry/2020/02/02/213341,正規空間|解析|数学|位相空間|測度論|局所コンパクト,rmkthm.pdf,PDF filename exact,,,,pending,
source:8030df3cc5e225f1,source_found,,,universalfunctionspaces,,,2020/1__10/ar3/universalfunctionspaces,univinfuncsbanach.tex,univinfuncs.pdf|univinfuncsbanach.pdf,,,unique,,,,exact,98.0,1,バナッハ空間を関数空間に埋め込むことと，関数空間の可分距離空間に対する普遍性,2020-09-02T22:19:35+09:00,1,https://concious4410.hatenablog.com/entry/2020/09/02/221935,数学|距離空間|線形空間|実数に関連する集合論や位相,univinfuncs.pdf,PDF filename exact; year disambiguation,,,,pending,
source:e5e46bc0cc93e272,published,2021-01-28T13:57:45+09:00,1,The Tonelli-Shanks algorithm,https://concious4410.hatenablog.com/entry/2021/01/28/135745,数学|代数|雑談,2021/ar1/TonelliShanks,TS.tex,TS.pdf,,,unique,,,,exact,100.0,1,The Tonelli-Shanks algorithm,2021-01-28T13:57:45+09:00,1,https://concious4410.hatenablog.com/entry/2021/01/28/135745,数学|代数|雑談,TS.pdf,confirmed original_url,2021-01-28-01,代数・組合せ,platex,legacy_unrecorded,
source:31adde136c0a2e53,source_found,,,analyticfunctons,,,2021/ar2/analyticfunctons,alnalyticFunc.tex,alnalyticFunc.pdf|univinfuncs.pdf,,,unique,,,,exact,98.0,1,実解析関数に対する逆関数定理,2021-02-28T13:02:08+09:00,1,https://concious4410.hatenablog.com/entry/2021/02/28/130208,数学|未完成シリーズ|解析|複素解析,alnalyticFunc.pdf|univinfuncs.pdf,PDF filename exact; year disambiguation,,,,pending,
source:8f940a4fc2bdf554,source_found,,,analyticfunctons3,,,2021/ar2/analyticfunctons/analyticfunctons3,univinfuncs.tex,univinfuncs.pdf,,,canonical,dup:62d36a17ee37baf4,source:8f940a4fc2bdf554,tex+pdf,exact,98.0,1,実解析関数に対する逆関数定理,2021-02-28T13:02:08+09:00,1,https://concious4410.hatenablog.com/entry/2021/02/28/130208,数学|未完成シリーズ|解析|複素解析,alnalyticFunc.pdf|univinfuncs.pdf,PDF filename exact; year disambiguation,,,,pending,
source:38684e859615013e,source_found,,,analyticfunctonspas,,,2021/ar2/analyticfunctons/analyticfunctons3/analyticfunctonspas,univinfuncs.tex,univinfuncs.pdf,,,canonical,dup:02651120bf1b7fe0,source:38684e859615013e,tex+pdf,exact,98.0,1,実解析関数に対する逆関数定理,2021-02-28T13:02:08+09:00,1,https://concious4410.hatenablog.com/entry/2021/02/28/130208,数学|未完成シリーズ|解析|複素解析,alnalyticFunc.pdf|univinfuncs.pdf,PDF filename exact; year disambiguation,,,,pending,
source:3e9fd6c922e30ed0,source_found,,,analyticfunctonspast2,,,2021/ar2/analyticfunctons/analyticfunctons3/analyticfunctonspast2,univinfuncs.tex,univinfuncs.pdf,,,duplicate,dup:ae765d376da0457e,source:173612b109f746f3,tex+pdf,exact,98.0,1,実解析関数に対する逆関数定理,2021-02-28T13:02:08+09:00,1,https://concious4410.hatenablog.com/entry/2021/02/28/130208,数学|未完成シリーズ|解析|複素解析,alnalyticFunc.pdf|univinfuncs.pdf,inherited from canonical source:173612b109f746f3,,,,pending,
source:fca660392d430174,source_found,,,analyticfunctonspas,,,2021/ar2/analyticfunctons/analyticfunctons3/analyticfunctonspast2/analyticfunctonspas,univinfuncs.tex,univinfuncs.pdf,,,duplicate,dup:02651120bf1b7fe0,source:38684e859615013e,tex+pdf,exact,98.0,1,実解析関数に対する逆関数定理,2021-02-28T13:02:08+09:00,1,https://concious4410.hatenablog.com/entry/2021/02/28/130208,数学|未完成シリーズ|解析|複素解析,alnalyticFunc.pdf|univinfuncs.pdf,inherited from canonical source:38684e859615013e,,,,pending,
source:ec78bc69ba4d90ed,source_found,,,analyticfunctons4,,,2021/ar2/analyticfunctons/analyticfunctons4,alnalyticFunc.tex,alnalyticFunc.pdf|univinfuncs.pdf,,,unique,,,,exact,98.0,1,実解析関数に対する逆関数定理,2021-02-28T13:02:08+09:00,1,https://concious4410.hatenablog.com/entry/2021/02/28/130208,数学|未完成シリーズ|解析|複素解析,alnalyticFunc.pdf|univinfuncs.pdf,PDF filename exact; year disambiguation,,,,pending,
source:76a1f19d559bf9f0,source_found,,,analyticfunctons3,,,2021/ar2/analyticfunctons/analyticfunctons4/analyticfunctons3,univinfuncs.tex,univinfuncs.pdf,,,duplicate,dup:62d36a17ee37baf4,source:8f940a4fc2bdf554,tex+pdf,exact,98.0,1,実解析関数に対する逆関数定理,2021-02-28T13:02:08+09:00,1,https://concious4410.hatenablog.com/entry/2021/02/28/130208,数学|未完成シリーズ|解析|複素解析,alnalyticFunc.pdf|univinfuncs.pdf,inherited from canonical source:8f940a4fc2bdf554,,,,pending,
source:c7f80f5e12571c1b,source_found,,,analyticfunctonspas,,,2021/ar2/analyticfunctons/analyticfunctons4/analyticfunctons3/analyticfunctonspas,univinfuncs.tex,univinfuncs.pdf,,,duplicate,dup:02651120bf1b7fe0,source:38684e859615013e,tex+pdf,exact,98.0,1,実解析関数に対する逆関数定理,2021-02-28T13:02:08+09:00,1,https://concious4410.hatenablog.com/entry/2021/02/28/130208,数学|未完成シリーズ|解析|複素解析,alnalyticFunc.pdf|univinfuncs.pdf,inherited from canonical source:38684e859615013e,,,,pending,
source:baa39c9d697fcb42,source_found,,,analyticfunctonspast2,,,2021/ar2/analyticfunctons/analyticfunctons4/analyticfunctons3/analyticfunctonspast2,univinfuncs.tex,univinfuncs.pdf,,,duplicate,dup:ae765d376da0457e,source:173612b109f746f3,tex+pdf,exact,98.0,1,実解析関数に対する逆関数定理,2021-02-28T13:02:08+09:00,1,https://concious4410.hatenablog.com/entry/2021/02/28/130208,数学|未完成シリーズ|解析|複素解析,alnalyticFunc.pdf|univinfuncs.pdf,inherited from canonical source:173612b109f746f3,,,,pending,
source:d227015a299231b4,source_found,,,analyticfunctonspas,,,2021/ar2/analyticfunctons/analyticfunctons4/analyticfunctons3/analyticfunctonspast2/analyticfunctonspas,univinfuncs.tex,univinfuncs.pdf,,,duplicate,dup:02651120bf1b7fe0,source:38684e859615013e,tex+pdf,exact,98.0,1,実解析関数に対する逆関数定理,2021-02-28T13:02:08+09:00,1,https://concious4410.hatenablog.com/entry/2021/02/28/130208,数学|未完成シリーズ|解析|複素解析,alnalyticFunc.pdf|univinfuncs.pdf,inherited from canonical source:38684e859615013e,,,,pending,
source:057cd60c528367ea,source_found,,,analyticfunctonspas,,,2021/ar2/analyticfunctons/analyticfunctons4/analyticfunctonspas,univinfuncs.tex,univinfuncs.pdf,,,duplicate,dup:50fad97c02c2c8df,source:797f12c1b3cf7156,tex+pdf,exact,98.0,1,実解析関数に対する逆関数定理,2021-02-28T13:02:08+09:00,1,https://concious4410.hatenablog.com/entry/2021/02/28/130208,数学|未完成シリーズ|解析|複素解析,alnalyticFunc.pdf|univinfuncs.pdf,inherited from canonical source:797f12c1b3cf7156,,,,pending,
source:f184c0e5f4ec8788,source_found,,,analyticfunctonspast2,,,2021/ar2/analyticfunctons/analyticfunctons4/analyticfunctonspast2,univinfuncs.tex,univinfuncs.pdf,,,duplicate,dup:ae765d376da0457e,source:173612b109f746f3,tex+pdf,exact,98.0,1,実解析関数に対する逆関数定理,2021-02-28T13:02:08+09:00,1,https://concious4410.hatenablog.com/entry/2021/02/28/130208,数学|未完成シリーズ|解析|複素解析,alnalyticFunc.pdf|univinfuncs.pdf,inherited from canonical source:173612b109f746f3,,,,pending,
source:74f029fd2035ec9c,source_found,,,analyticfunctonspas,,,2021/ar2/analyticfunctons/analyticfunctons4/analyticfunctonspast2/analyticfunctonspas,univinfuncs.tex,univinfuncs.pdf,,,duplicate,dup:02651120bf1b7fe0,source:38684e859615013e,tex+pdf,exact,98.0,1,実解析関数に対する逆関数定理,2021-02-28T13:02:08+09:00,1,https://concious4410.hatenablog.com/entry/2021/02/28/130208,数学|未完成シリーズ|解析|複素解析,alnalyticFunc.pdf|univinfuncs.pdf,inherited from canonical source:38684e859615013e,,,,pending,
source:797f12c1b3cf7156,source_found,,,analyticfunctonspas,,,2021/ar2/analyticfunctons/analyticfunctonspas,univinfuncs.tex,univinfuncs.pdf,,,canonical,dup:50fad97c02c2c8df,source:797f12c1b3cf7156,tex+pdf,exact,98.0,1,実解析関数に対する逆関数定理,2021-02-28T13:02:08+09:00,1,https://concious4410.hatenablog.com/entry/2021/02/28/130208,数学|未完成シリーズ|解析|複素解析,alnalyticFunc.pdf|univinfuncs.pdf,PDF filename exact; year disambiguation,,,,pending,
source:173612b109f746f3,source_found,,,analyticfunctonspast2,,,2021/ar2/analyticfunctons/analyticfunctonspast2,univinfuncs.tex,univinfuncs.pdf,,,canonical,dup:ae765d376da0457e,source:173612b109f746f3,tex+pdf,exact,98.0,1,実解析関数に対する逆関数定理,2021-02-28T13:02:08+09:00,1,https://concious4410.hatenablog.com/entry/2021/02/28/130208,数学|未完成シリーズ|解析|複素解析,alnalyticFunc.pdf|univinfuncs.pdf,PDF filename exact; year disambiguation,,,,pending,
source:d90754b03c073e1f,source_found,,,analyticfunctonspas,,,2021/ar2/analyticfunctons/analyticfunctonspast2/analyticfunctonspas,univinfuncs.tex,univinfuncs.pdf,,,duplicate,dup:02651120bf1b7fe0,source:38684e859615013e,tex+pdf,exact,98.0,1,実解析関数に対する逆関数定理,2021-02-28T13:02:08+09:00,1,https://concious4410.hatenablog.com/entry/2021/02/28/130208,数学|未完成シリーズ|解析|複素解析,alnalyticFunc.pdf|univinfuncs.pdf,inherited from canonical source:38684e859615013e,,,,pending,
source:f52a8d8292f74871,source_found,,,integral,,,2021/ar3/integral,tokusyuintegral.tex,integral.pdf|tokusyuintegral.pdf,,,unique,,,,exact,98.0,1,特殊な積分を求めること,2021-03-25T10:00:50+09:00,1,https://concious4410.hatenablog.com/entry/2021/03/25/100050,数学|解析|雑談|測度論|確率論,tokusyuintegral.pdf,PDF filename exact,,,,pending,
source:45b6a0b149307db1,source_found,,,Hellthm,,,2021/ar4/Hellthm,Helly.tex,Helly.pdf,,,unique,,,,exact,98.0,1,Helly空間とHellyの選出定理,2021-03-25T10:09:47+09:00,2,https://concious4410.hatenablog.com/entry/2021/03/25/100947,数学|位相空間|解析|コンパクトネス,Helly.pdf,PDF filename exact,,,,pending,
source:19f46e197970c9fd,source_found,,,fodorlema,,,2021/ar5/fodorlema,fodor.tex,fodor.pdf,,,unique,,,,exact,98.0,1,対角的交叉とFodorの補題,2021-05-22T15:23:30+09:00,1,https://concious4410.hatenablog.com/entry/2021/05/22/152330,位相空間|数学|集合論|順序数,fodor.pdf,PDF filename exact,,,,pending,
source:5c832dd68b7d15a1,published,2022-01-03T01:12:45+09:00,1,直積測度の構成について:確率論その0,https://concious4410.hatenablog.com/entry/2022/01/03/011245,16.225|数学|解析|測度論|確率論,2022/1__10/ar1/prodprob0,probability.tex,probability.pdf,pp.bib,myplaindoidoi.bst,unique,,,,exact,100.0,1,直積測度の構成について:確率論その0,2022-01-03T01:12:45+09:00,1,https://concious4410.hatenablog.com/entry/2022/01/03/011245,16.225|数学|解析|測度論|確率論,probability.pdf,confirmed original_url,2022-01-03-01,解析・測度・確率,platex,legacy_unrecorded,
source:e37ca770ae7bae0e,published,2022-05-21T18:57:29+09:00,1,コラム?：中間値の定理，有限増分の定理，平均値の定理，テイラーの定理,https://concious4410.hatenablog.com/entry/2022/05/21/185729,解析|数学|未完成シリーズ|断片ではないもの,2022/1__10/ar9/有限増分,increment20220319.tex,increment20220319.pdf,,,unique,,,,exact,98.0,1,コラム?：中間値の定理，有限増分の定理，平均値の定理，テイラーの定理,2022-05-21T18:57:29+09:00,1,https://concious4410.hatenablog.com/entry/2022/05/21/185729,解析|数学|未完成シリーズ|断片ではないもの,increment20220319.pdf,PDF filename exact,2022-05-21-01,解析・測度・確率,platex,approved,
source:c311976b7a381438,published,2022-09-10T23:42:49+09:00,1,滑らかな関数の鏡像拡張と，境界付き多様体の座標変換,https://concious4410.hatenablog.com/entry/2022/09/10/234249,位相空間|数学|解析,2022/11__20/ar11/上半平面拡張,extupperhalf.tex,extupperhalf.pdf,,,unique,,,,exact,100.0,1,滑らかな関数の鏡像拡張と，境界付き多様体の座標変換,2022-09-10T23:42:49+09:00,1,https://concious4410.hatenablog.com/entry/2022/09/10/234249,位相空間|数学|解析|多様体論,extupperhalf.pdf,confirmed original_url,2022-09-10-01,解析・測度・確率,platex,approved,
source:0d32fefec7dc93cc,source_found,,,終結式,,,2022/1__10/ar10/終結式,Resultant.tex,Resultant.pdf,,,unique,,,,exact,98.0,1,対角化可能な行列は稠密,2022-09-06T22:12:17+09:00,1,https://concious4410.hatenablog.com/entry/2022/09/06/221217,代数|位相空間|雑談|数学|線形空間|実数に関連する集合論や位相,Resultant.pdf,PDF filename exact,,,,pending,
source:5be6d52b2351b113,source_found,,,probbasics1,,,2022/1__10/ar2/probbasics1,prob_large.tex,prob_large.pdf,,,unique,,,,exact,98.0,1,大数の法則について:確率論その1,2022-01-16T23:35:27+09:00,1,https://concious4410.hatenablog.com/entry/2022/01/16/233527,16.225|解析|数学|確率論|測度論,prob_large.pdf,PDF filename exact,,,,pending,
source:9f47c77373af8ecb,source_found,,,陰関数定理,,,2022/1__10/ar3/陰関数定理,implicit.tex,implicit.pdf,,,unique,,,,exact,98.0,1,陰関数定理と逆関数定理,2022-03-12T16:05:20+09:00,1,https://concious4410.hatenablog.com/entry/2022/03/12/160520,数学|解析|多様体論,implicit.pdf,PDF filename exact,,,,pending,
source:5d04f9e3d1be960b,source_found,,,一致の定理,,,2022/1__10/ar4/一致の定理,identitythm.tex,identitythm.pdf,,,unique,,,,exact,98.0,1,多項式に関する一致の定理,2022-03-12T16:09:28+09:00,2,https://concious4410.hatenablog.com/entry/2022/03/12/160928,代数|位相空間|数学|解析,identitythm.pdf,PDF filename exact,,,,pending,
source:da7660de92c0d116,source_found,,,次元論,,,2022/1__10/ar5/次元論,dim.tex,dim.pdf,,,unique,,,,exact,98.0,1,次元論ショートコース：0次元から始める位相次元,2022-03-12T16:15:32+09:00,3,https://concious4410.hatenablog.com/entry/2022/03/12/161532,次元論|正規空間|距離空間|数学|僕のお気に入り|位相空間|多様体論,dim.pdf,PDF filename exact; year disambiguation,,,,pending,
source:7b4d0ecedc82538f,source_found,,,Radon-Nykodym,,,2022/1__10/ar6/Radon-Nykodym,RN.tex,RN.pdf,,,unique,,,,exact,98.0,1,ラドンニコディムの定理,2022-03-12T16:20:17+09:00,4,https://concious4410.hatenablog.com/entry/2022/03/12/162017,数学|解析|16.225|測度論|確率論,RN.pdf,PDF filename exact,,,,pending,
source:e41b489642fc4919,source_found,,,名称未設定フォルダ,,,2022/1__10/ar6/Radon-Nykodym/名称未設定フォルダ,RN.tex,RN 16.03.38.pdf,,,unique,,,,ambiguous,59.2,2,ラドンニコディムの定理,2022-03-12T16:20:17+09:00,4,https://concious4410.hatenablog.com/entry/2022/03/12/162017,数学|解析|16.225|測度論|確率論,RN.pdf,multiple similarly scored candidates; PDF similarity 0.62; year,,,,pending,
source:e428dcf5170a447a,source_found,,,微分定理,,,2022/1__10/ar7/微分定理,diff.tex,diff.pdf,,,unique,,,,exact,98.0,1,ルベーグの微分定理と積分の変数変換公式,2022-03-12T16:24:59+09:00,5,https://concious4410.hatenablog.com/entry/2022/03/12/162459,16.225|数学|解析|測度論,diff.pdf,PDF filename exact,,,,pending,
source:3a104d593592cab8,source_found,,,微分,,,2022/1__10/ar7/微分定理/微分,diff.tex,diff.pdf,,,unique,,,,exact,98.0,1,ルベーグの微分定理と積分の変数変換公式,2022-03-12T16:24:59+09:00,5,https://concious4410.hatenablog.com/entry/2022/03/12/162459,16.225|数学|解析|測度論,diff.pdf,PDF filename exact,,,,pending,
source:f678f60c5dd09af3,source_found,,,bibtex,,,2022/1__10/ar7/微分定理/微分/bibtex,,,emb.bib,,unique,,,,unmatched,31.2,0,,,,,,,no candidate passed the matching threshold,,,,pending,
source:55ea1a742c87bb3c,source_found,,,CDH-of-R,,,2022/1__10/ar8/CDH-of-R,CDH-of-R.tex,CDH-of-R.pdf,,,unique,,,,exact,98.0,1,ユークリッド空間の可算稠密推移性,2022-03-13T15:31:12+09:00,1,https://concious4410.hatenablog.com/entry/2022/03/13/153112,位相空間|数学|次元論|実数に関連する集合論や位相|可算性,CDH-of-R.pdf,PDF filename exact,,,,pending,
source:3f87ae941e07739d,published,2023-06-20T23:21:12+09:00,1,距離空間の上の測度：確率論その２,https://concious4410.hatenablog.com/entry/2023/06/20/232112,数学|解析|測度論|距離空間|僕のお気に入り|反例|確率論,2023/1__10/ar1/probontopsp2,prob_space.tex,prob_space.pdf,,,unique,,,,exact,100.0,1,距離空間の上の測度：確率論その２,2023-06-20T23:21:12+09:00,1,https://concious4410.hatenablog.com/entry/2023/06/20/232112,数学|解析|測度論|距離空間|僕のお気に入り|反例|確率論,prob_space.pdf,confirmed original_url,2023-06-20-01,解析・測度・確率,platex,legacy_unrecorded,
source:b3d92b7cf0394638,published,2023-12-01T21:21:20+09:00,2,エブリシング・エブリウェア・オール・アット・ワンス・関数,https://concious4410.hatenablog.com/entry/2023/12/01/212120,すべて|位相空間|数学|反例|解析|雑談|僕のお気に入り|実数に関連する集合論や位相|断片ではないもの,2023/1__10/ar9/EveEvesurjective,eveeve.tex,eveeve.pdf,wef.bib|weg.bib,myplaindoidoi.bst,unique,,,,exact,98.0,1,エブリシング・エブリウェア・オール・アット・ワンス・関数,2023-12-01T21:21:20+09:00,2,https://concious4410.hatenablog.com/entry/2023/12/01/212120,すべて|位相空間|数学|反例|解析|雑談|僕のお気に入り|実数に関連する集合論や位相|断片ではないもの,eveeve.pdf,PDF filename exact,2023-12-01-02,解析・測度・確率,platex,approved,
source:d8b7288b14af8d75,published,2023-12-28T20:30:25+09:00,1,数学的失敗とその教訓：ファイバーバンドル,https://concious4410.hatenablog.com/entry/2023/12/28/203025,すべて|数学|論文メモ|雑談|多様体論|代数的トポロジー|断片ではないもの,2023/11__20/ar12/bundle/pppp,bundleshippai.tex,bundleshippai.pdf,,,unique,,,,exact,98.0,1,数学的失敗とその教訓：ファイバーバンドル,2023-12-28T20:30:25+09:00,1,https://concious4410.hatenablog.com/entry/2023/12/28/203025,すべて|数学|論文メモ|雑談|多様体論|代数的トポロジー|断片ではないもの,bundleshippai.pdf,PDF filename exact,2023-12-28-01,位相・距離・幾何,platex,approved,
source:3c8ddd1a1f41f32a,source_found,,,至る所微分不可能な関数,,,2023/11__20/ar11/至る所微分不可能な関数,undiff.tex,undiff.pdf,weg.bib,myplaindoidoi.bst,unique,,,,exact,98.0,1,論文メモ：連続だが至る所微分不可能な関数,2023-12-24T23:18:43+09:00,1,https://concious4410.hatenablog.com/entry/2023/12/24/231843,論文メモ|反例|数学|解析|僕のお気に入り,undiff.pdf,PDF filename exact,,,,pending,
source:fef6166ead7691ca,source_found,,,Origin,,,2023/11__20/ar12/bundle/Origin,bundles.tex,bundles.pdf,,,unique,,,,likely,71.1,1,数学的失敗とその教訓：ファイバーバンドル,2023-12-28T20:30:25+09:00,1,https://concious4410.hatenablog.com/entry/2023/12/28/203025,すべて|数学|論文メモ|雑談|多様体論|代数的トポロジー|断片ではないもの,bundleshippai.pdf,PDF similarity 0.77; year,,,,pending,
source:f0443c5a12fd1a03,source_found,,,copy,,,2023/11__20/ar12/bundle/copy,bundles.tex,bundles.pdf,dimdim.bib,myplaindoidoi.bst,unique,,,,likely,86.0,1,数学的失敗とその教訓：ファイバーバンドル,2023-12-28T20:30:25+09:00,1,https://concious4410.hatenablog.com/entry/2023/12/28/203025,すべて|数学|論文メモ|雑談|多様体論|代数的トポロジー|断片ではないもの,bundleshippai.pdf,title similarity 1.00; PDF similarity 0.77; year,,,,pending,
source:92076f9fb45698e1,source_found,,,constant*,,,2023/11__20/ar13/constant*,constant.tex,constant.pdf,const.bib,myplaindoidoi.bst,unique,,,,exact,98.0,1,論文メモ：関数が肩身の狭い思いをする空間,2023-12-30T13:37:44+09:00,1,https://concious4410.hatenablog.com/entry/2023/12/30/133744,論文メモ|数学|反例|位相空間|正規空間,constant.pdf,PDF filename exact,,,,pending,
source:9c35017c31adf5fb,source_found,,,Taylar*,,,2023/11__20/ar14/Taylar*,TR.tex,TR.pdf,Taylar.bib,myplaindoidoi.bst,unique,,,,exact,98.0,1,論文メモ：テイラー級数の収束と円周上の部分集合について,2023-12-30T13:44:01+09:00,2,https://concious4410.hatenablog.com/entry/2023/12/30/134401,論文メモ|解析|数学|位相空間|実数に関連する集合論や位相,TR.pdf,PDF filename exact,,,,pending,
source:d91d464c28c86374,source_found,,,Urysohn*,,,2023/11__20/ar15/Urysohn*,Urysohn.tex,Urysohn.pdf,Urysohn.bib,myplaindoidoi.bst,unique,,,,exact,98.0,1,論文メモ：ウリゾーンの論文,2023-12-31T14:21:16+09:00,1,https://concious4410.hatenablog.com/entry/2023/12/31/142116,数学|論文メモ|ウリゾーン,Urysohn.pdf,PDF filename exact,,,,pending,
source:30a59d9267942ebe,source_found,,,dominv*,,,2023/11__20/ar16/dominv*,dominv.tex,dominv.pdf,dominv.bib,myplaindoidoi.bst,unique,,,,exact,98.0,1,論文メモ：領域不変性定理,2023-12-31T14:24:15+09:00,2,https://concious4410.hatenablog.com/entry/2023/12/31/142415,位相空間|論文メモ|数学|実数に関連する集合論や位相|代数的トポロジー,dominv.pdf,PDF filename exact,,,,pending,
source:bab7f6eb544aea34,source_found,,,Dowker*,,,2023/11__20/ar17/Dowker*,dowler.tex,dowler.pdf,dowker.bib,myplaindoidoi.bst,unique,,,,exact,98.0,1,論文メモ：集合論？,2023-12-31T14:27:54+09:00,3,https://concious4410.hatenablog.com/entry/2023/12/31/142754,数学|論文メモ|集合論,dowler.pdf,PDF filename exact,,,,pending,
source:dfd5da49afb7d8f4,source_found,,,cHc,,,2023/1__10/ar10/cHc,countableconn.tex,countableconn.pdf,conn.bib,myplaindoidoi.bst,unique,,,,exact,98.0,1,論文メモ：連結ハウスドルフ可算空間,2023-12-17T21:56:07+09:00,1,https://concious4410.hatenablog.com/entry/2023/12/17/215607,論文メモ|位相空間|反例|雑談|数学|ウリゾーン|可算性,countableconn.pdf,PDF filename exact,,,,pending,
source:8548f5b71273859c,source_found,,,probontopspCLT3,,,2023/1__10/ar2/probontopspCLT3,prob_CLT.tex,prob_CLT.pdf,,,unique,,,,exact,98.0,1,中心極限定理：確率論その３,2023-06-20T23:23:59+09:00,2,https://concious4410.hatenablog.com/entry/2023/06/20/232359,数学|解析|確率論|測度論,prob_CLT.pdf,PDF filename exact,,,,pending,
source:e046e3c0e662f960,source_found,,,Lebesgu-Stieltjes,,,2023/1__10/ar3/Lebesgu-Stieltjes,LS.tex,LS.pdf,,,unique,,,,exact,98.0,1,ルベーグスティルチェス積分について,2023-06-20T23:25:45+09:00,3,https://concious4410.hatenablog.com/entry/2023/06/20/232545,数学|解析|確率論|測度論,LS.pdf,PDF filename exact,,,,pending,
source:b7ef8f1449f4abff,source_found,,,平方剰余,,,2023/1__10/ar4/平方剰余,quadraticrecipro.tex,quadraticrecipro.pdf|templeD512.pdf,,,unique,,,,exact,98.0,1,平方剰余の相互法則,2023-06-21T20:41:11+09:00,1,https://concious4410.hatenablog.com/entry/2023/06/21/204111,代数|数学,quadraticrecipro.pdf,PDF filename exact,,,,pending,
source:4caf5f017a3d72ab,source_found,,,body2,,,2023/1__10/ar5/BorelIsom/body2,Borelisom.tex,Borelisom.pdf,,,unique,,,,exact,98.0,1,ボレル同型と確率空間の同型：確率論その4,2023-07-02T13:13:16+09:00,1,https://concious4410.hatenablog.com/entry/2023/07/02/131316,位相空間|数学|解析|距離空間|測度論|確率論,Borelisom.pdf,PDF filename exact,,,,pending,
source:257ba9a1a980ae20,source_found,,,body1,,,2023/1__10/ar5/BorelIsom/past/body1,Borelisom.tex,Borelisom.pdf,,,unique,,,,exact,98.0,1,ボレル同型と確率空間の同型：確率論その4,2023-07-02T13:13:16+09:00,1,https://concious4410.hatenablog.com/entry/2023/07/02/131316,位相空間|数学|解析|距離空間|測度論|確率論,Borelisom.pdf,PDF filename exact,,,,pending,
source:11d99ddfbfb8bc14,source_found,,,IndFam,,,2023/1__10/ar6/IndFam,ind_fam.tex,ind_fam.pdf,,,unique,,,,exact,98.0,1,"""independent family""の構成",2023-07-08T20:55:00+09:00,1,https://concious4410.hatenablog.com/entry/2023/07/08/205500,数学|集合論,ind_fam.pdf,PDF filename exact,,,,pending,
source:cbdeb1ffc1c309e0,source_found,,,Baire-space2,,,2023/1__10/ar7/baire/Baire-space2,Bairespace.tex,Bairespace.pdf|rm141_01.pdf,,,unique,,,,exact,98.0,1,Baire 空間の話,2023-07-12T21:33:38+09:00,1,https://concious4410.hatenablog.com/entry/2023/07/12/213338,位相空間|数学|ベール空間,Bairespace.pdf,PDF filename exact,,,,pending,
source:38e548fc530a9b9f,source_found,,,Baire-space1,,,2023/1__10/ar7/baire/past/Baire-space1,Bairespace.tex,Bairespace.pdf|rm141_01.pdf,,,unique,,,,exact,98.0,1,Baire 空間の話,2023-07-12T21:33:38+09:00,1,https://concious4410.hatenablog.com/entry/2023/07/12/213338,位相空間|数学|ベール空間,Bairespace.pdf,PDF filename exact,,,,pending,
source:072a685da0b9b5ae,source_found,,,irr,,,2023/1__10/ar8/irr,irr.tex,irr.pdf,,,unique,,,,exact,98.0,1,平方数ではない整数の平方根が無理数であることのニュートン法を用いた証明,2023-12-01T21:10:59+09:00,1,https://concious4410.hatenablog.com/entry/2023/12/01/211059,数学|解析|雑談,irr.pdf,PDF filename exact,,,,pending,
source:b2bc52137fac55b7,published,2024-01-03T23:03:12+09:00,1,論文メモ：Power Series,https://concious4410.hatenablog.com/entry/2024/01/03/230312,数学|論文メモ|解析|実数に関連する集合論や位相,2024/31__40/ar37/powerser*,Pseries.tex,Pseries.pdf,ps.bib,myplaindoidoi.bst,unique,,,,exact,100.0,1,論文メモ：Power Series,2024-01-03T23:03:12+09:00,1,https://concious4410.hatenablog.com/entry/2024/01/03/230312,数学|論文メモ|解析|実数に関連する集合論や位相,Pseries.pdf,confirmed original_url,2024-01-03-01,解析・測度・確率,platex,legacy_unrecorded,
source:916e154347058734,published,2024-01-08T00:54:26+09:00,1,二次元以上の球面の基本群,https://concious4410.hatenablog.com/entry/2024/01/08/005426,数学|反例|位相空間|代数的トポロジー|サードの定理,2024/41__50/ar44/SphereAvoid,SphereAvoid.tex,Figures.pdf|SphereAvoid.pdf,,,unique,,,,exact,100.0,1,二次元以上の球面の基本群：全射を回避する話,2024-01-08T00:54:26+09:00,1,https://concious4410.hatenablog.com/entry/2024/01/08/005426,数学|反例|位相空間|代数的トポロジー|サードの定理,SphereAvoid.pdf,confirmed original_url,2024-01-08-01,位相・距離・幾何,platex,legacy_unrecorded,
source:368f1abfaddbdc4d,published,2024-01-13T10:49:59+09:00,1,CW複体のパラコンパクト性,https://concious4410.hatenablog.com/entry/2024/01/13/104959,パラコンパクトネス|数学|論文メモ|位相空間|代数的トポロジー,2024/41__50/ar42/CWcomplex,CWcomplex.tex,CWcomplex.pdf,cw.bib,myplaindoidoi.bst,unique,,,,exact,100.0,1,CW複体のパラコンパクト性,2024-01-13T10:49:59+09:00,1,https://concious4410.hatenablog.com/entry/2024/01/13/104959,パラコンパクトネス|数学|論文メモ|位相空間|代数的トポロジー,CWcomplex.pdf,confirmed original_url,2024-01-13-01,位相・距離・幾何,platex,legacy_unrecorded,
source:cfa8f38667554ea2,source_found,,,Borelset*,,,2024/11__20/ar11/Borelset*,bobo5.tex,bobo5.pdf,bobo5.bib,myplaindoidoi.bst,unique,,,,exact,98.0,1,論文メモ：ボレル階層とか,2024-01-03T23:31:38+09:00,11,https://concious4410.hatenablog.com/entry/2024/01/03/233138,数学|論文メモ|位相空間|実数に関連する集合論や位相,bobo5.pdf,PDF filename exact,,,,pending,
source:f2dfca08542c557a,source_found,,,homeoext*,,,2024/11__20/ar12/homeoext*,homeoe.tex,homeoe.pdf,homeoe.bib,myplaindoidoi.bst,unique,,,,exact,98.0,1,論文メモ：同相写像の拡張,2024-01-04T00:08:10+09:00,4,https://concious4410.hatenablog.com/entry/2024/01/04/000810,位相空間|数学|論文メモ,homeoe.pdf,PDF filename exact,,,,pending,
source:34311b0460fb2531,source_found,,,funcsp*,,,2024/11__20/ar13/funcsp*,funcsp.tex,funcsp.pdf,funcsp.bib,myplaindoidoi.bst,unique,,,,exact,98.0,1,論文メモ：Banach--Mazurの反対側,2024-01-03T23:29:32+09:00,10,https://concious4410.hatenablog.com/entry/2024/01/03/232932,論文メモ|位相空間|線形空間|実数に関連する集合論や位相,funcsp.pdf,PDF filename exact,,,,pending,
source:1598136fab2cb84e,source_found,,,hatena*,,,2024/11__20/ar14/hatena*,hatena.tex,hatena.pdf,hatena.bib,myplaindoidoi.bst,unique,,,,exact,98.0,1,論文メモ：なにこれ？,2024-01-03T23:51:00+09:00,20,https://concious4410.hatenablog.com/entry/2024/01/03/235100,数学|論文メモ|すべて,hatena.pdf,PDF filename exact,,,,pending,
source:f3c295c5b988768a,source_found,,,symprod*,,,2024/11__20/ar15/symprod*,symp.tex,symp.pdf,symp.bib,myplaindoidoi.bst,unique,,,,exact,98.0,1,論文メモ：Symmetric Product,2024-01-03T23:05:31+09:00,2,https://concious4410.hatenablog.com/entry/2024/01/03/230531,論文メモ|数学|位相空間,symp.pdf,PDF filename exact,,,,pending,
source:6b0c159a712cdc63,source_found,,,Eruniv*,,,2024/11__20/ar16/Eruniv*,Eruniv.tex,Eruniv.pdf,Eruniv.bib,myplaindoidoi.bst,unique,,,,exact,98.0,1,論文メモ：エルデシュ的な話：普遍空間？,2024-01-04T16:27:33+09:00,9,https://concious4410.hatenablog.com/entry/2024/01/04/162733,数学|論文メモ|位相空間,Eruniv.pdf,PDF filename exact,,,,pending,
source:046867a7529a4f5c,source_found,,,homconst*,,,2024/11__20/ar17/homconst*,homeoc.tex,homeoc.pdf,homeoc.bib,myplaindoidoi.bst,unique,,,,exact,98.0,1,論文メモ：同相写像の構成,2024-01-04T00:06:26+09:00,3,https://concious4410.hatenablog.com/entry/2024/01/04/000626,論文メモ|位相空間|数学,homeoc.pdf,PDF filename exact,,,,pending,
source:46a9befc8799430b,source_found,,,henkan*,,,2024/11__20/ar18/henkan*,henkan.tex,henkan.pdf,henkan.bib,myplaindoidoi.bst,unique,,,,exact,98.0,1,論文メモ：変数変換公式とか？,2024-01-04T00:01:05+09:00,1,https://concious4410.hatenablog.com/entry/2024/01/04/000105,論文メモ|解析|数学,henkan.pdf,PDF filename exact,,,,pending,
source:a5bb7b1f33711dca,source_found,,,Bingsp*,,,2024/11__20/ar19/Bingsp*,Bingsp.tex,Bingsp.pdf,Bingsp.bib,myplaindoidoi.bst,unique,,,,exact,98.0,1,論文メモ：Bing,2024-01-03T23:34:19+09:00,12,https://concious4410.hatenablog.com/entry/2024/01/03/233419,数学|位相空間|論文メモ,Bingsp.pdf,PDF filename exact,,,,pending,
source:4da672784d9f3873,source_found,,,Eralg*,,,2024/11__20/ar20/Eralg*,eralg.tex,eralg.pdf,eralg.bib,myplaindoidoi.bst,unique,,,,exact,98.0,1,論文メモ：エルデシュ的な話：代数？,2024-01-04T16:24:26+09:00,7,https://concious4410.hatenablog.com/entry/2024/01/04/162426,数学|論文メモ|位相空間|代数|実数に関連する集合論や位相,eralg.pdf,PDF filename exact,,,,pending,
source:b7b22790807c5236,source_found,,,poluapprox*,,,2024/1__10/ar1/poluapprox*,polyapp.tex,polyapp.pdf,papp.bib,myplaindoidoi.bst,unique,,,,exact,98.0,1,論文メモ：多項式近似,2024-01-03T23:20:34+09:00,7,https://concious4410.hatenablog.com/entry/2024/01/03/232034,論文メモ|位相空間|数学|実数に関連する集合論や位相|線形空間,polyapp.pdf,PDF filename exact,,,,pending,
source:a298a986e3250a36,source_found,,,Fodortop*,,,2024/1__10/ar10/Fodortop*,fodortop.tex,fodortop.pdf,fodortop.bib,myplaindoidoi.bst,unique,,,,exact,98.0,1,論文メモ：位相的フォドアの補題,2024-01-03T23:35:45+09:00,13,https://concious4410.hatenablog.com/entry/2024/01/03/233545,数学|位相空間|論文メモ|集合論,fodortop.pdf,PDF filename exact,,,,pending,
source:49807619fa6999fb,source_found,,,prpr*,,,2024/1__10/ar2/prpr*,pr.tex,pr.pdf,prpr.bib,myplaindoidoi.bst,unique,,,,exact,98.0,1,論文メモ：n-cardinality,2024-01-04T16:32:50+09:00,11,https://concious4410.hatenablog.com/entry/2024/01/04/163250,論文メモ|数学|位相空間|実数に関連する集合論や位相,pr.pdf,PDF filename exact,,,,pending,
source:86501735dd38200c,source_found,,,rigidspace*,,,2024/1__10/ar3/rigidspace*,rrr.tex,rrr.pdf,rrr.bib,myplaindoidoi.bst,unique,,,,exact,98.0,1,論文メモ：ガチガチ空間,2024-01-04T16:30:18+09:00,10,https://concious4410.hatenablog.com/entry/2024/01/04/163018,論文メモ|数学|位相空間|線形空間,rrr.pdf,PDF filename exact,,,,pending,
source:cf64c604eec5ba35,source_found,,,fixed*,,,2024/1__10/ar4/fixed*,fixed.tex,fixed.pdf,fixed.bib,myplaindoidoi.bst,unique,,,,exact,98.0,1,論文メモ：不動点定理，主にCaristiの,2024-01-03T23:37:48+09:00,14,https://concious4410.hatenablog.com/entry/2024/01/03/233748,論文メモ|数学|解析|位相空間|不動点定理,fixed.pdf,PDF filename exact,,,,pending,
source:d3b7b7cf16c8114e,source_found,,,separableprod*,,,2024/1__10/ar5/separableprod*,sepprod.tex,sepprod.pdf,sepprod.bib,myplaindoidoi.bst,unique,,,,exact,98.0,1,論文メモ：可分性と直積,2024-01-03T23:45:46+09:00,18,https://concious4410.hatenablog.com/entry/2024/01/03/234546,論文メモ|数学|位相空間|集合論|可算性,sepprod.pdf,PDF filename exact,,,,pending,
source:d2f7247f106390b1,source_found,,,cdh*,,,2024/1__10/ar6/cdh*,cdh.tex,cdh.pdf,cdh.bib,myplaindoidoi.bst,unique,,,,exact,98.0,1,論文メモ：Countable Dense Homogeneity,2024-01-03T23:26:08+09:00,9,https://concious4410.hatenablog.com/entry/2024/01/03/232608,論文メモ|数学|位相空間|実数に関連する集合論や位相|可算性,cdh.pdf,PDF filename exact,,,,pending,
source:14dfa31a110ab958,source_found,,,Borelthm*,,,2024/1__10/ar7/Borelthm*,borelthm.tex,borelthm.pdf|dim.pdf,borelthm.bib,myplaindoidoi.bst,unique,,,,ambiguous,98.0,3,論文メモ：大きい帰納次元,2024-01-04T00:14:50+09:00,6,https://concious4410.hatenablog.com/entry/2024/01/04/001450,論文メモ|次元論|数学|位相空間,dim.pdf,multiple exact PDF or URL matches,,,,pending,
source:b9ff4fb1e553f41a,source_found,,,gameth*,,,2024/1__10/ar8/gameth*,gameth.tex,gameth.pdf,gameth.bib,myplaindoidoi.bst,unique,,,,exact,98.0,1,論文メモ：不動点定理とゲーム理論？,2024-01-03T23:43:27+09:00,17,https://concious4410.hatenablog.com/entry/2024/01/03/234327,論文メモ|解析|数学|不動点定理,gameth.pdf,PDF filename exact,,,,pending,
source:6ac5ed273e50f578,source_found,,,peanodiff*,,,2024/1__10/ar9/peanodiff*,pd.tex,pd.pdf,pd.bib,myplaindoidoi.bst,unique,,,,exact,98.0,1,論文メモ：ペアノ微分,2024-01-03T23:47:29+09:00,19,https://concious4410.hatenablog.com/entry/2024/01/03/234729,論文メモ|解析|数学,pd.pdf,PDF filename exact,,,,pending,
source:13e9ed32ff7d0e59,source_found,,,Erpartition*,,,2024/21__30/ar21/Erpartition*,partition.tex,partition.pdf,partition.bib,myplaindoidoi.bst,unique,,,,exact,98.0,1,論文メモ：エルデシュ的な話：分割?,2024-01-04T16:25:53+09:00,8,https://concious4410.hatenablog.com/entry/2024/01/04/162553,数学|論文メモ|位相空間|集合論,partition.pdf,PDF filename exact,,,,pending,
source:e48918130453a36e,source_found,,,complexa*,,,2024/21__30/ar22/complexa*,complexa.tex,complexa.pdf,complexa.bib,myplaindoidoi.bst,unique,,,,exact,98.0,1,論文メモ：複素関数論基礎論発展編,2024-01-04T16:37:37+09:00,12,https://concious4410.hatenablog.com/entry/2024/01/04/163737,論文メモ|解析|位相空間|僕のお気に入り|複素解析,complexa.pdf,PDF filename exact,,,,pending,
source:4448ff02b009ca26,source_found,,,kurenai*,,,2024/21__30/ar23/kurenai*,kurenai.tex,kurenai.pdf,kurenai.bib,myplaindoidoi.bst,unique,,,,exact,98.0,1,論文メモ：その他もろもろ，層とか位相群の帰納極限とか,2024-01-03T23:53:38+09:00,21,https://concious4410.hatenablog.com/entry/2024/01/03/235338,論文メモ|数学|すべて,kurenai.pdf,PDF filename exact,,,,pending,
source:fdec34ad04708d10,source_found,,,simple*,,,2024/21__30/ar24/simple*,simple.tex,simple.pdf,simple.bib,myplaindoidoi.bst,unique,,,,exact,98.0,1,論文メモ：simple proof,2024-01-03T23:41:38+09:00,16,https://concious4410.hatenablog.com/entry/2024/01/03/234138,論文メモ|数学|解析|位相空間,simple.pdf,PDF filename exact,,,,pending,
source:4097c9ad7641c91c,source_found,,,TU*,,,2024/21__30/ar25/TU*,TU.tex,TU.pdf,TU.bib,myplaindoidoi.bst,unique,,,,exact,98.0,1,論文メモ：ティーチェ・ウリゾーン?,2024-01-04T00:03:37+09:00,2,https://concious4410.hatenablog.com/entry/2024/01/04/000337,論文メモ|位相空間|数学|ウリゾーン,TU.pdf,PDF filename exact,,,,pending,
source:2bfd4e1ebbac2e5a,source_found,,,CantorSet*,,,2024/21__30/ar26/CantorSet*,cantorset.tex,cantorset.pdf,cantorset.bib,myplaindoidoi.bst,unique,,,,exact,98.0,1,論文メモ：カントール集合？,2024-01-03T23:39:57+09:00,15,https://concious4410.hatenablog.com/entry/2024/01/03/233957,論文メモ|解析|位相空間|数学|僕のお気に入り|カントール|実数に関連する集合論や位相,cantorset.pdf,PDF filename exact,,,,pending,
source:3c10f52e7db1c21c,source_found,,,Haar*,,,2024/21__30/ar27/Haar*,haar.tex,haar.pdf,haar.bib,myplaindoidoi.bst,unique,,,,exact,98.0,1,論文メモ：ハール測度,2024-01-03T23:59:14+09:00,22,https://concious4410.hatenablog.com/entry/2024/01/03/235914,論文メモ|解析|位相空間|数学|測度論,haar.pdf,PDF filename exact,,,,pending,
source:10e63859fee2bde3,source_found,,,sonota*,,,2024/21__30/ar28/sonota*,sonota.tex,sonota.pdf,sonota.bib,myplaindoidoi.bst,unique,,,,exact,98.0,1,論文メモ：ノンジャンル,2024-01-04T00:12:09+09:00,5,https://concious4410.hatenablog.com/entry/2024/01/04/001209,僕のお気に入り|論文メモ|すべて|数学,sonota.pdf,PDF filename exact,,,,pending,
source:d80a162ad3d634d0,source_found,,,disconti*,,,2024/21__30/ar29/disconti*,dicontinuousfunc.tex,dicontinuousfunc.pdf,disdis.bib,myplaindoidoi.bst,unique,,,,exact,98.0,1,論文メモ：不連続関数,2024-01-30T22:17:27+09:00,1,https://concious4410.hatenablog.com/entry/2024/01/30/221727,,dicontinuousfunc.pdf,PDF filename exact,,,,pending,
source:d4dd28fa32dd135c,source_found,,,Sardthm1*,,,2024/21__30/ar30/Sardthm1*,sard1.tex,sard1.pdf,sard1.bib,myplaindoidoi.bst,unique,,,,exact,98.0,1,論文メモ：サードの定理,2024-01-20T18:02:30+09:00,4,https://concious4410.hatenablog.com/entry/2024/01/20/180230,僕のお気に入り|論文メモ|解析|サードの定理,sard1.pdf,PDF filename exact,,,,pending,
source:9903d4f69b57fdb4,source_found,,,noble*,,,2024/31__40/ar31/noble*,noble.tex,noble.pdf,noble.bib,myplaindoidoi.bst,unique,,,,exact,98.0,1,論文メモ：Noble,2024-01-20T17:58:09+09:00,1,https://concious4410.hatenablog.com/entry/2024/01/20/175809,コンパクトネス|位相空間|数学|論文メモ,noble.pdf,PDF filename exact,,,,pending,
source:ef793fe5c8f8a106,source_found,,,connected*,,,2024/31__40/ar32/connected*,connected.tex,connected.pdf,connected.bib,myplaindoidoi.bst,unique,,,,exact,98.0,1,論文メモ：連結空間,2024-01-20T17:59:17+09:00,2,https://concious4410.hatenablog.com/entry/2024/01/20/175917,位相空間|数学|論文メモ|連結空間,connected.pdf,PDF filename exact,,,,pending,
source:ea92417089e4e7e8,source_found,,,Arinq*,,,2024/31__40/ar33/Arinq*,Arinq.tex,Arinq.pdf,Arinq.bib,myplaindoidoi.bst,unique,,,,exact,98.0,1,論文メモ：アルハンゲルスキー,2024-01-20T18:00:53+09:00,3,https://concious4410.hatenablog.com/entry/2024/01/20/180053,論文メモ|位相空間|集合論,Arinq.pdf,PDF filename exact,,,,pending,
source:a28d703ca4503b23,source_found,,,chara*,,,2024/31__40/ar34/chara*,chara.tex,chara.pdf,chch.bib,myplaindoidoi.bst,unique,,,,exact,98.0,1,論文メモ：位相的特徴付け,2024-01-03T23:11:20+09:00,3,https://concious4410.hatenablog.com/entry/2024/01/03/231120,論文メモ|位相空間|僕のお気に入り|数学,chara.pdf,PDF filename exact,,,,pending,
source:2480e94f40d0168d,source_found,,,propermap*,,,2024/31__40/ar35/propermap*,propermap.tex,propermap.pdf,propermap.bib,myplaindoidoi.bst,unique,,,,exact,98.0,1,論文メモ：固有写像,2024-01-03T23:18:26+09:00,6,https://concious4410.hatenablog.com/entry/2024/01/03/231826,数学|論文メモ|位相空間|固有写像,propermap.pdf,PDF filename exact,,,,pending,
source:e68d0de68c475165,source_found,,,dim*,,,2024/31__40/ar36/dim*,dim.tex,dim.pdf,dimdim.bib,myplaindoidoi.bst,unique,,,,exact,98.0,1,論文メモ：大きい帰納次元,2024-01-04T00:14:50+09:00,6,https://concious4410.hatenablog.com/entry/2024/01/04/001450,論文メモ|次元論|数学|位相空間,dim.pdf,PDF filename exact; year disambiguation,,,,pending,
source:1c6b6f31ee2563fe,source_found,,,contorfunc*,,,2024/31__40/ar38/contorfunc*,confunc.tex,confunc.pdf,cantorfunc.bib,myplaindoidoi.bst,unique,,,,exact,98.0,1,論文メモ：カントール関数,2024-01-03T23:13:28+09:00,4,https://concious4410.hatenablog.com/entry/2024/01/03/231328,論文メモ|数学|解析|位相空間|カントール,confunc.pdf,PDF filename exact,,,,pending,
source:10ef80a3b6c773e3,source_found,,,properact*,,,2024/31__40/ar39/properact*,propact.tex,propact.pdf,pact.bib,myplaindoidoi.bst,unique,,,,exact,98.0,1,論文メモ：群の固有作用,2024-01-03T23:16:35+09:00,5,https://concious4410.hatenablog.com/entry/2024/01/03/231635,数学|論文メモ|代数|位相空間|固有写像,propact.pdf,PDF filename exact,,,,pending,
source:1617d295ede3f06d,source_found,,,present1,,,2024/41__50/ar41/Bairecategorytheorem/present1,Bairecatthm.tex,Bairecatthm.pdf,bb.bib,myplaindoidoi.bst,unique,,,,exact,98.0,1,ベールの範疇定理,2024-01-27T14:47:38+09:00,1,https://concious4410.hatenablog.com/entry/2024/01/27/144738,ベール空間|距離空間|局所コンパクト|数学|位相空間|完全正則空間,Bairecatthm.pdf,PDF filename exact,,,,pending,
source:18edcbef85c9adfb,source_found,,,present0,,,2024/41__50/ar43/HnaiMoritaStone/past/present0,MHS.tex,MHS.pdf,MHS.bib,myplaindoidoi.bst,unique,,,,exact,98.0,1,距離化可能定理part3:花井--森田・ストーンの定理,2024-01-23T20:15:58+09:00,1,https://concious4410.hatenablog.com/entry/2024/01/23/201558,パラコンパクトネス|位相空間|僕のお気に入り|数学|距離化可能定理|固有写像,MHS.pdf,PDF filename exact,,,,pending,
source:a2d87cf6a7b45070,source_found,,,present1,,,2024/41__50/ar43/HnaiMoritaStone/present1,MHS.tex,MHS.pdf,MHS.bib,myplaindoidoi.bst,unique,,,,exact,98.0,1,距離化可能定理part3:花井--森田・ストーンの定理,2024-01-23T20:15:58+09:00,1,https://concious4410.hatenablog.com/entry/2024/01/23/201558,パラコンパクトネス|位相空間|僕のお気に入り|数学|距離化可能定理|固有写像,MHS.pdf,PDF filename exact,,,,pending,
published:2025-12-28-01,published,2025-12-28T19:26:38+09:00,1,児玉永見のゼロ集合に関する演習問題について,https://concious4410.hatenablog.com/entry/2025/12/28/192638,数学|完全正則空間|位相空間,,,,,,unique,,,,exact,100.0,1,児玉永見のゼロ集合に関する演習問題について,2025-12-28T19:26:38+09:00,1,https://concious4410.hatenablog.com/entry/2025/12/28/192638,数学|完全正則空間|位相空間,zerozero.pdf,confirmed original_url,2025-12-28-01,位相・距離・幾何,platex,legacy_unrecorded,Myblogstr内の原稿候補とはSHA-256で自動対応できませんでした。
published:2026-04-21-01,published,2026-04-21T16:37:19+09:00,1,廉価版領域不変性定理の証明,https://concious4410.hatenablog.com/entry/2026/04/21/163719,不動点定理|位相空間|数学|次元論|実数に関連する集合論や位相,,,,,,unique,,,,exact,100.0,1,廉価版領域不変性定理の証明,2026-04-21T16:37:19+09:00,1,https://concious4410.hatenablog.com/entry/2026/04/21/163719,不動点定理|位相空間|数学|次元論|実数に関連する集合論や位相,quickproofinvariance.pdf,confirmed original_url,2026-04-21-01,位相・距離・幾何,platex,legacy_unrecorded,Myblogstr内の原稿候補とはSHA-256で自動対応できませんでした。
